OBJECTID,NTD_ID,NTAD_NTD_ID,Agency_Name,Common_Name,City,State,Lon,Lat,In_Latest_NTAD_Upload,License,x,y
1,00001,00001,King County,King County Metro (KCM),Seattle,WA,-122.330978,47.59883701,Yes - Agency fetch URL available and in compliance with GTFS standards.,Public Domain,-122.330977999972,47.5988370101486
2,00002,00002,Spokane Transit Authority,Spokane Transit Authority (STA),Spokane,WA,-117.4306603,47.66841947,Yes - Agency fetch URL available and in compliance with GTFS standards.,Public Domain,-117.430660299875,47.6684194700018
3,00003,00003,Pierce County Transportation Benefit Area Authority,Pierce Transit,Lakewood,WA,-122.484515,47.17086399,Yes - Agency fetch URL available and in compliance with GTFS standards.,Public Domain,-122.48451500035,47.170863989983
4,00004,00004,Confederated Tribes of the Colville Indian Reservation,Colville Confederated Tribes Transit,Nespelem,WA,-118.975263,48.13192465,Yes - Agency fetch URL available and in compliance with GTFS standards.,Public Domain,-118.975263000397,48.1319246500472
5,00005,00005,City of Everett,Everett Transit (ET),Everett,WA,-122.197704,47.97546098,Yes - Agency fetch URL available and in compliance with GTFS standards.,Public Domain,-122.197704000115,47.9754609799483
6,00006,00006,City of Yakima,Yakima Transit (YT),Yakima,WA,-120.505216,46.60492502,Yes - Agency fetch URL available and in compliance with GTFS standards.,Public Domain,-120.505216000418,46.6049250197236
7,00007,00007,Lane Transit District,Lane Transit District (LTD),Eugene,OR,-123.041425,44.04257298,Yes - Agency fetch URL available and in compliance with GTFS standards.,Public Domain,-123.041425000191,44.0425729803201
8,00008,00008,Tri-County Metropolitan Transportation District of Oregon,TriMet,Portland,OR,-122.677192,45.51012998,Yes - Agency fetch URL available and in compliance with GTFS standards.,Public Domain,-122.677192000102,45.5101299799268
9,00010,00010,Klamath Tribes,Quail Trail ,Chiloquin,OR,-121.873914,42.57447401,Yes - Agency fetch URL available and in compliance with GTFS standards.,Public Domain,-121.87391400033,42.5744740097146
10,00011,00011,Valley Regional Transit,Valley Regional Transit (VRT),Meridian,ID,-116.3900608,43.61015731,Yes - Agency fetch URL available and in compliance with GTFS standards.,Public Domain,-116.390060800412,43.6101573098205
11,00012,00012,Municipality of Anchorage,Municipality of Anchorage People Mover,Anchorage,AK,-149.8951896,61.21649165,Yes - Agency fetch URL available and in compliance with GTFS standards.,Public Domain,-149.895189599702,61.2164916501992
12,00014,00014,Sitka Tribe of Alaska,the RIDE,Sitka,AK,-135.348191,57.05689399,Yes - Agency fetch URL available and in compliance with GTFS standards.,Public Domain,-135.348190999904,57.0568939898281
13,00016,00016,City of Longview,RiverCities Transit (RCT),Longview,WA,-122.937603,46.13849101,Yes - Agency fetch URL available and in compliance with GTFS standards.,Public Domain,-122.937602999949,46.1384910096969
14,00018,00018,Ben Franklin Transit,Ben Franklin Transit (BFT),Richland,WA,-119.240947,46.23943699,Yes - Agency fetch URL available and in compliance with GTFS standards.,Public Domain,-119.240946999571,46.239436989923
15,00019,00019,Intercity Transit,Intercity Transit (IT),Olympia,WA,-122.858072,47.04480801,Yes - Agency fetch URL available and in compliance with GTFS standards.,Public Domain,-122.85807200015,47.0448080098202
16,00020,00020,Kitsap County Public Transportation Benefit Area Authority,Kitsap Transit (KT),Bremerton,WA,-122.624764,47.56307298,Yes - Agency fetch URL available and in compliance with GTFS standards.,Public Domain,-122.624763999772,47.5630729798115
17,00021,00021,Whatcom Transportation Authority,Whatcom Transportation Authority (WTA),Bellingham,WA,-122.449029,48.786756,Yes - Agency fetch URL available and in compliance with GTFS standards.,Public Domain,-122.449028999903,48.7867559997658
18,00022,00022,City of Pocatello,Pocatello Regional Transit (PRT),Pocatello,ID,-112.4486212,42.8739457,Yes - Agency fetch URL available and in compliance with GTFS standards.,Public Domain,-112.448621200092,42.8739456998963
19,00023,00023,City of Seattle,Seattle Center Monorail,Seattle,WA,-122.349729,47.621298,Yes - Agency fetch URL available and in compliance with GTFS standards.,Public Domain,-122.349729000224,47.621297999983
20,00024,00024,Clark County Public Transportation Benefit Area Authority,C-TRAN,Vancouver,WA,-122.6030543,45.6380825,Yes - Agency fetch URL available and in compliance with GTFS standards.,Public Domain,-122.603054300215,45.6380824999994
21,00025,00025,Salem Area Mass Transit District,Cherriots,Salem,OR,-123.0357753,44.94063352,Yes - Agency fetch URL available and in compliance with GTFS standards.,Public Domain,-123.035775300435,44.9406335198477
22,00028,00028,County of Pierce,Pierce County Ferry,Tacoma,WA,-122.443452,47.25329699,Yes - Agency fetch URL available and in compliance with GTFS standards.,Public Domain,-122.443451999904,47.2532969898058
23,00029,00029,Snohomish County Public Transportation Benefit Area Corporation,Community Transit (CT),Everett,WA,-122.265483,47.91899902,Yes - Agency fetch URL available and in compliance with GTFS standards.,Public Domain,-122.265483000416,47.9189990199598
24,00033,00033,Senior Services of Snohomish County,Homage Senior Services,Lynnwood,WA,-122.301478,47.820362,Yes - Agency fetch URL available and in compliance with GTFS standards.,Public Domain,-122.301477999778,47.8203620001852
25,00034,00034,Rogue Valley Transportation District,Rogue Valley Transportation District (RVTD),Medford,OR,-122.854849,42.36300601,Yes - Agency fetch URL available and in compliance with GTFS standards.,Public Domain,-122.854849000319,42.3630060101405
26,00035,00035,Washington State Ferries,Washington State Ferries (WSF),Olympia,WA,-122.897466,47.034394,Yes - Agency fetch URL available and in compliance with GTFS standards.,Public Domain,-122.897465999967,47.034394000029
27,00036,00036,Makah Tribal Council,Makah Public Transit,Neah Bay,WA,-124.6675206,48.34833042,Yes - Agency fetch URL available and in compliance with GTFS standards.,Public Domain,-124.667520600432,48.3483304199636
28,00040,00040,Central Puget Sound Regional Transit Authority,Sound Transit (ST),Seattle,WA,-122.328553,47.59861502,Yes - Agency fetch URL available and in compliance with GTFS standards.,Public Domain,-122.328552999659,47.5986150200139
29,00041,00041,Alaska Railroad Corporation,Alaska Railroad,Anchorage,AK,-149.8886396,61.22279513,Yes - Agency fetch URL available and in compliance with GTFS standards.,Public Domain,-149.888639600283,61.2227951298287
30,00043,00043,Chelan Douglas PTBA,Link Transit,Wenatchee,WA,-120.326692,47.46676198,Yes - Agency fetch URL available and in compliance with GTFS standards.,Public Domain,-120.326692000188,47.4667619801208
31,00044,00044,Skagit Transit,Skagit Transit (SKT),Burlington,WA,-122.331796,48.481854,Yes - Agency fetch URL available and in compliance with GTFS standards.,Public Domain,-122.331795999581,48.4818539997378
32,00045,00045,Fairbanks North Star Borough,Metropolitan Area Commuter System (MACS),Fairbanks,AK,-147.725517,64.84530801,Yes - Agency fetch URL available and in compliance with GTFS standards.,Public Domain,-147.725516999883,64.8453080101138
33,00046,00046,City of Wilsonville,South Metro Area Regional Transit (SMART),Wilsonville,OR,-122.760006,45.304698,Yes - Agency fetch URL available and in compliance with GTFS standards.,Public Domain,-122.760006000007,45.3046980000025
34,00047,00047,City of Corvallis,Corvallis Transit System (CTS),Corvallis,OR,-123.263731,44.56423699,Yes - Agency fetch URL available and in compliance with GTFS standards.,Public Domain,-123.263731000009,44.5642369900627
35,00048,00048,City of Lewiston,Lewiston Transit System (LTS),Lewiston,ID,-117.018222,46.41779999,Yes - Agency fetch URL available and in compliance with GTFS standards.,Public Domain,-117.018222000231,46.4177999901771
36,00051,00051,Asotin County Public Transportation Benefit Area,Asotin County Transit,Clarkston,WA,-117.068081,46.418765,Yes - Agency fetch URL available and in compliance with GTFS standards.,Public Domain,-117.068081000308,46.4187650002966
37,00053,00053,Coeur d'Alene Tribe,Citylink Transit,Plummer,ID,-116.887755,47.33757598,Yes - Agency fetch URL available and in compliance with GTFS standards.,Public Domain,-116.887755000279,47.3375759800608
38,00057,00057,Central Oregon Intergovernmental Council,Cascades East Transit (CET),Bend,OR,-121.301316,44.05823302,Yes - Agency fetch URL available and in compliance with GTFS standards.,Public Domain,-121.301316000234,44.0582330202905
39,00058,00058,City of Portland,Portland Streetcar,Portland,OR,-122.679134,45.51501102,Yes - Agency fetch URL available and in compliance with GTFS standards.,Public Domain,-122.679133999643,45.515011019701
40,00059,00059,Josephine County,Josephine Community Transit (JCT),Grants Pass,OR,-123.343104,42.42625698,Yes - Agency fetch URL available and in compliance with GTFS standards.,Public Domain,-123.343103999625,42.42625698007
41,00061,00061,City of Albany,"Albany Transit System, Linn-Benton Loop ",Albany,OR,-123.106661,44.63524001,Yes - Agency fetch URL available and in compliance with GTFS standards.,Public Domain,-123.106661000178,44.6352400102015
42,00064,00064,Valley Transit,Valley Transit (VT),Walla Walla,WA,-118.362219,46.05908199,Yes - Agency fetch URL available and in compliance with GTFS standards.,Public Domain,-118.362218999623,46.0590819897499
43,00065,00065,Benton County,Benton Area Transit (BAT),Corvallis,OR,-123.301582,44.55075398,Yes - Agency fetch URL available and in compliance with GTFS standards.,Public Domain,-123.301581999595,44.5507539798222
44,00085,00085,Gulkana Village Council,Soaring Eagle Transit (SET),Gakona,AK,-145.3519858,62.28990581,Yes - Agency fetch URL available and in compliance with GTFS standards.,Public Domain,-145.351985799577,62.2899058098872
45,00095,00095,Lummi Nation,Lummi Transit,Bellingham,WA,-122.625896,48.79192499,Yes - Agency fetch URL available and in compliance with GTFS standards.,Public Domain,-122.6258960001,48.7919249900805
46,00103,00103,Squaxin Island Tribe,Squaxin Island Transit (SIT),Shelton,WA,-123.080183,47.12180601,Yes - Agency fetch URL available and in compliance with GTFS standards.,Public Domain,-123.080182999974,47.1218060100071
47,00111,00111,Confederated Tribes and Bands of The Yakama Nation,Pahto Public Passage,Toppenish,WA,-120.339951,46.37546099,Yes - Agency fetch URL available and in compliance with GTFS standards.,Public Domain,-120.339950999933,46.3754609897714
48,00119,00119,Confederated Tribes of the Umatilla Indian Reservation,Kayak Public Transit,Pendleton,OR,-118.685772,45.66596,Yes - Agency fetch URL available and in compliance with GTFS standards.,Public Domain,-118.685771999582,45.6659599997202
49,00135,00135,Nez Perce Tribe,Appaloosa Express,Lapwai,ID,-116.805373,46.39972999,Yes - Agency fetch URL available and in compliance with GTFS standards.,Public Domain,-116.805373000194,46.399729989892
50,00199,00199,Seldovia Village Tribe,Seldovia Bay Ferry,Seldovia,AK,-151.711749,59.43692999,Yes - Agency fetch URL available and in compliance with GTFS standards.,Public Domain,-151.711748999668,59.4369299899168
51,00207,00207,Spokane Tribe of Indians,The Moccasin Express (TME),Wellpinit,WA,-117.9894072,47.88675756,Yes - Agency fetch URL available and in compliance with GTFS standards.,Public Domain,-117.989407199962,47.8867575601344
52,00285,00285,Thurston Regional Planning Council,ruralTRANSIT,Olympia,WA,-122.919292,47.02763701,Yes - Agency fetch URL available and in compliance with GTFS standards.,Public Domain,-122.919291999913,47.0276370101687
53,00286,00286,Rural Resources Community Action,Rural Resources Transportation Department,Colville,WA,-117.908737,48.53576301,Yes - Agency fetch URL available and in compliance with GTFS standards.,Public Domain,-117.908736999838,48.535763010289
54,00287,00287,People for People Moses Lake,People for People (PFP),Yakima,WA,-120.514693,46.60401298,Yes - Agency fetch URL available and in compliance with GTFS standards.,Public Domain,-120.51469300029,46.6040129802643
55,00294,00294,City of Pullman,Pullman Transit,Pullman,WA,-117.182745,46.72053501,Yes - Agency fetch URL available and in compliance with GTFS standards.,Public Domain,-117.182745000377,46.7205350096978
56,00296,00296,Tillamook County Transportation District,The Wave,Tillamook,OR,-123.824734,45.45699999,Yes - Agency fetch URL available and in compliance with GTFS standards.,Public Domain,-123.824734000067,45.4569999899829
57,00297,00297,People for People Yakima,People for People (PFP),Yakima,WA,-120.514693,46.60401298,Yes - Agency fetch URL available and in compliance with GTFS standards.,Public Domain,-120.51469300029,46.6040129802643
58,00298,00298,Island Transit,Island Transit,Coupeville,WA,-122.641778,48.208432,Yes - Agency fetch URL available and in compliance with GTFS standards.,Public Domain,-122.641777999625,48.2084320000158
59,00299,00299,Klickitat County Senior Services,Mount Adams Transportation Service (MATS),Goldendale,WA,-120.823637,45.82161601,Yes - Agency fetch URL available and in compliance with GTFS standards.,Public Domain,-120.823636999719,45.8216160099033
60,00301,00301,South Clackamas Transportation District,South Clackamas Transportation District (SCTD),Molalla,OR,-122.565777,45.14575302,Yes - Agency fetch URL available and in compliance with GTFS standards.,Public Domain,-122.565776999803,45.1457530201265
61,00303,00303,Clallam Transit System,Clallam Transit System (CTS),Port Angeles,WA,-123.4603592,48.11014429,Yes - Agency fetch URL available and in compliance with GTFS standards.,Public Domain,-123.460359200012,48.1101442900911
62,00307,00307,Coos County Area Transit,Coos County Area Transit (CCAT),Coos Bay,OR,-124.199752,43.35643898,Yes - Agency fetch URL available and in compliance with GTFS standards.,Public Domain,-124.199752000082,43.3564389797755
63,00308,00308,Curry County Public Transit Service District,Curry Public Transit,Brookings,OR,-124.275806,42.05310299,Yes - Agency fetch URL available and in compliance with GTFS standards.,Public Domain,-124.275805999608,42.0531029899675
64,00309,00309,Grant County Transportation Authority,Grant Transit Authority (GTA),Moses Lake,WA,-119.311908,47.17072301,Yes - Agency fetch URL available and in compliance with GTFS standards.,Public Domain,-119.311907999695,47.1707230101196
65,00310,00310,Lincoln County Transportation Service District,Lincoln County Transit,Newport,OR,-124.041437,44.63907401,Yes - Agency fetch URL available and in compliance with GTFS standards.,Public Domain,-124.041436999947,44.6390740097015
66,00311,00311,Mountain Rides Transportation Authority,Mountain Rides,Ketchum,ID,-114.369599,43.682643,Yes - Agency fetch URL available and in compliance with GTFS standards.,Public Domain,-114.369598999902,43.6826429998578
67,00312,00312,Hopesource,HopeSource Transit,Ellensburg,WA,-120.538697,46.984197,Yes - Agency fetch URL available and in compliance with GTFS standards.,Public Domain,-120.538696999778,46.9841970001916
68,00313,00313,Grant County Transportation District,The People Mover,John Day,OR,-118.952695,44.41575,Yes - Agency fetch URL available and in compliance with GTFS standards.,Public Domain,-118.952695000112,44.4157500002311
69,00314,00314,Grays Harbor Transit,Grays Harbor Transit (GHT),Hoquiam,WA,-123.855964,46.972146,Yes - Agency fetch URL available and in compliance with GTFS standards.,Public Domain,-123.85596400009,46.9721460000576
70,00315,00315,Mason County Transportation Authority,Mason Transit Authority (MTA),Shelton,WA,-123.100865,47.24054799,Yes - Agency fetch URL available and in compliance with GTFS standards.,Public Domain,-123.100864999897,47.2405479902755
71,00316,00316,Jefferson Transit,Jefferson Transit Authority (JTA),Port Townsend,WA,-122.817866,48.05034499,Yes - Agency fetch URL available and in compliance with GTFS standards.,Public Domain,-122.817865999672,48.0503449900642
72,00319,00319,Hood River County Transportation District,Columbia Area Transit (CAT),Hood River,OR,-121.5014533,45.71176473,Yes - Agency fetch URL available and in compliance with GTFS standards.,Public Domain,-121.501453300012,45.7117647302496
73,00321,00321,Yamhill County,Yamhill County Transit (YCT),Mcminnville,OR,-123.193497,45.21181302,Yes - Agency fetch URL available and in compliance with GTFS standards.,Public Domain,-123.193497000156,45.2118130199093
74,00322,00322,Pacific Transit,Pacific Transit,Raymond,WA,-123.734822,46.68493502,Yes - Agency fetch URL available and in compliance with GTFS standards.,Public Domain,-123.734821999674,46.6849350199456
75,00323,00323,Malheur Council on Aging and Community Services,SRT-Malheur Express,Ontario,OR,-116.951524,44.023845,Yes - Agency fetch URL available and in compliance with GTFS standards.,Public Domain,-116.951524000204,44.0238449999766
76,00327,00327,Valley Transit,Valley Transit,Wasilla,AK,-149.456939,61.57214401,Yes - Agency fetch URL available and in compliance with GTFS standards.,Public Domain,-149.456938999988,61.5721440098498
77,00330,00330,City of Canby,Canby Area Transit (CAT),Canby,OR,-122.692119,45.264186,Yes - Agency fetch URL available and in compliance with GTFS standards.,Public Domain,-122.692118999751,45.2641859998946
78,00331,00331,Sunset Empire Transportation District,The Bus,Astoria,OR,-123.833334,46.19016799,Yes - Agency fetch URL available and in compliance with GTFS standards.,Public Domain,-123.83333399988,46.1901679897364
79,00332,00332,Okanogan County Transportation and Nutrition,Okanogan County Transportation and Nutrition (OCTN),Omak,WA,-119.536313,48.40394601,Yes - Agency fetch URL available and in compliance with GTFS standards.,Public Domain,-119.536313000311,48.4039460101391
80,00336,00336,Skamania County Senior Services,Skamania County Transit,Stevenson,WA,-121.883396,45.69454698,Yes - Agency fetch URL available and in compliance with GTFS standards.,Public Domain,-121.883396000225,45.6945469802191
81,00339,00339,Basin Transit Service,Basin Transit Service (BTS),Klamath Falls,OR,-121.76854,42.21875501,Yes - Agency fetch URL available and in compliance with GTFS standards.,Public Domain,-121.768539999637,42.2187550101547
82,00341,00341,Selkirks-Pend Oreille Transit Authority,Selkirks-Pend Oreille Transit Authority (SPOT Bus),Dover,ID,-116.616838,48.24606101,Yes - Agency fetch URL available and in compliance with GTFS standards.,Public Domain,-116.616838000165,48.2460610100743
83,00343,00343,Community Connection of Northeast Oregon,NEOTransit,La Grande,OR,-118.0678299,45.31342426,Yes - Agency fetch URL available and in compliance with GTFS standards.,Public Domain,-118.067829899687,45.3134242599513
84,00345,00345,Glacier Valley Transit,Glacier Valley Transit (GVT),Girdwood,AK,-149.0988194,60.97054519,Yes - Agency fetch URL available and in compliance with GTFS standards.,Public Domain,-149.098819400123,60.9705451901647
85,00347,00347,"Regional Public Transportation, Inc.",SMART Transit,Moscow,ID,-117.0053996,46.72621328,Yes - Agency fetch URL available and in compliance with GTFS standards.,Public Domain,-117.005399599681,46.7262132798423
86,00348,00348,"Senior Citizens of Sweet Home, Inc.",Linn Shuttle,Sweet Home,OR,-122.724369,44.39383202,Yes - Agency fetch URL available and in compliance with GTFS standards.,Public Domain,-122.724368999948,44.3938320201177
87,00358,00358,Ketchikan Gateway Borough,The Bus,Ketchikan,AK,-131.667633,55.34949001,Yes - Agency fetch URL available and in compliance with GTFS standards.,Public Domain,-131.66763299986,55.3494900097523
88,00359,00359,City of Pendleton,Let'er Bus,Pendleton,OR,-118.79121,45.66973701,Yes - Agency fetch URL available and in compliance with GTFS standards.,Public Domain,-118.791209999849,45.6697370099832
89,00360,00360,City of Woodburn,Woodburn Transit System (WTS),Woodburn,OR,-122.859455,45.14201301,Yes - Agency fetch URL available and in compliance with GTFS standards.,Public Domain,-122.859454999649,45.142013010131
90,00363,00363,Clackamas County,"Mt Hood Express, ClackCo Shuttles",Oregon City,OR,-122.598771,45.332899,Yes - Agency fetch URL available and in compliance with GTFS standards.,Public Domain,-122.59877099999,45.3328990000317
91,00364,00364,Lewis County Transit,Lewis County Transit,Centralia,WA,-122.952954,46.71462301,Yes - Agency fetch URL available and in compliance with GTFS standards.,Public Domain,-122.952953999921,46.7146230102372
92,00368,00368,Lower Columbia Community Action Council,Lower Columbia CAP,Longview,WA,-122.932727,46.140237,Yes - Agency fetch URL available and in compliance with GTFS standards.,Public Domain,-122.932727000283,46.1402369998341
93,00371,00371,Wahkiakum County,Wahkiakum on the Move (WOTM),Cathlamet,WA,-123.387543,46.215242,Yes - Agency fetch URL available and in compliance with GTFS standards.,Public Domain,-123.387543000062,46.2152419996935
94,00373,00373,Treasure Valley Transit,"Snake River Transit, Mountain Home Community Transit, Mountain Community Transit",Nampa,ID,-116.5953477,43.60394547,Yes - Agency fetch URL available and in compliance with GTFS standards.,Public Domain,-116.595347699742,43.603945469786
95,00374,00374,Harney County,Harney Hub Transit,Burns,OR,-119.057034,43.58949201,Yes - Agency fetch URL available and in compliance with GTFS standards.,Public Domain,-119.057033999664,43.5894920096809
96,00375,00375,Columbia County,Columbia County Rider Transportation,Saint Helens,OR,-122.797021,45.86357401,Yes - Agency fetch URL available and in compliance with GTFS standards.,Public Domain,-122.797021000441,45.8635740097443
97,00376,00376,"Ride Connection, Inc.",Ride Connection,Portland,OR,-122.561037,45.52661002,Yes - Agency fetch URL available and in compliance with GTFS standards.,Public Domain,-122.561036999681,45.5266100200845
98,00377,00377,City of Lebanon,Lebanon Interneighborhood Express (LINX),Lebanon,OR,-122.9080723,44.54428731,Yes - Agency fetch URL available and in compliance with GTFS standards.,Public Domain,-122.908072299831,44.5442873099034
99,00382,00382,Inter-Island Ferry Authority,Inter-Island Ferry Authority (IFA),Craig,AK,-133.1403415,55.47746593,Yes - Agency fetch URL available and in compliance with GTFS standards.,Public Domain,-133.140341499797,55.4774659297586
100,00386,00386,Special Mobility Services,SMS Community Shuttle,Portland,OR,-122.644415,45.52594701,Yes - Agency fetch URL available and in compliance with GTFS standards.,Public Domain,-122.64441499965,45.5259470097772
101,00387,00387,City of Bethel,Bethel Transit System,Bethel,AK,-161.7608572,60.7942737,Yes - Agency fetch URL available and in compliance with GTFS standards.,Public Domain,-161.760857200113,60.7942736998557
102,00389,00389,City of Sandy,Sandy Area Metro (SAM),Sandy,OR,-122.258892,45.39622801,Yes - Agency fetch URL available and in compliance with GTFS standards.,Public Domain,-122.258892000091,45.3962280099855
103,00391,00391,City and Borough of Juneau,Capital Transit,Juneau,AK,-134.406372,58.29967501,Yes - Agency fetch URL available and in compliance with GTFS standards.,Public Domain,-134.406371999898,58.2996750100129
104,00396,00396,Mid-Columbia Economic Development District,The LINK,The Dalles,OR,-121.218164,45.62559598,Yes - Agency fetch URL available and in compliance with GTFS standards.,Public Domain,-121.21816400022,45.6255959802232
105,00400,00400,Gwichyaa Zhee Tribal Transit Service,Native Village of Fort Yukon ,Fort Yukon,AK,-145.2242941,66.56186843,Yes - Agency fetch URL available and in compliance with GTFS standards.,Public Domain,-145.224294099779,66.5618684299529
106,00401,00401,Lower Elwha Klallam Tribe,Elwha Transit,Port Angeles,WA,-123.552938,48.14234401,Yes - Agency fetch URL available and in compliance with GTFS standards.,Public Domain,-123.552938000243,48.1423440102984
107,00404,00404,Shoshone County,Silver Express Shuttle,Wallace,ID,-115.921996,47.47135099,Yes - Agency fetch URL available and in compliance with GTFS standards.,Public Domain,-115.92199600036,47.4713509899846
108,00405,00405,Okanogan County Transit Authority,TranGO,Okanogan,WA,-119.52794,48.40684401,Yes - Agency fetch URL available and in compliance with GTFS standards.,Public Domain,-119.527940000279,48.4068440097798
109,00407,00407,Muckleshoot Indian Tribe,Muckleshoot Transit,Auburn,WA,-122.115187,47.25120202,Yes - Agency fetch URL available and in compliance with GTFS standards.,Public Domain,-122.115187000311,47.2512020200983
110,00409,00409,Morrow County,Morrow County Loop,Heppner,OR,-119.550785,45.35350535,Yes - Agency fetch URL available and in compliance with GTFS standards.,Public Domain,-119.550784999675,45.3535053501474
111,00414,00414,Ninilchik Village,Basic Unified Multi Path Services (BUMPS),Ninilchik,AK,-151.673796,60.04079801,Yes - Agency fetch URL available and in compliance with GTFS standards.,Public Domain,-151.673795999974,60.0407980101234
112,00416,00416,Boise State University,Bronco Shuttles ,Boise,ID,-116.196026,43.60249,Yes - Agency fetch URL available and in compliance with GTFS standards.,Public Domain,-116.196025999803,43.6024899997684
113,00459,00459,Umpqua Public Transportation District,UTrans,Roseburg,OR,-123.312771,43.213451,Yes - Agency fetch URL available and in compliance with GTFS standards.,Public Domain,-123.312770999753,43.213451000007
114,00460,00460,Craig Tribal Association,CTA Public Transit,Craig,AK,-133.1146244,55.52790727,Yes - Agency fetch URL available and in compliance with GTFS standards.,Public Domain,-133.114624399588,55.5279072700445
115,00464,00464,Lane Council of Governments,Link Lane,Eugene,OR,-123.092407,44.050435,Yes - Agency fetch URL available and in compliance with GTFS standards.,Public Domain,-123.092407000374,44.0504349998337
116,10001,10001,Rhode Island Public Transit Authority,Rhode Island Public Transit Authority (RIPTA),Providence,RI,-71.42380301,41.79231101,Yes - Agency fetch URL available and in compliance with GTFS standards.,Public Domain,-71.4238030100693,41.7923110099579
117,10002,10002,Manchester Transit Authority,Manchester Transit Authority (MTA),Manchester,NH,-71.46670101,42.97676299,Yes - Agency fetch URL available and in compliance with GTFS standards.,Public Domain,-71.4667010099252,42.9767629897764
118,10003,10003,Massachusetts Bay Transportation Authority,Massachusetts Bay Transportation Authority (MBTA),Boston,MA,-71.06664174,42.3515176,Yes - Agency fetch URL available and in compliance with GTFS standards.,Public Domain,-71.0666417401365,42.3515175998402
119,10004,10004,Brockton Area Transit Authority,Brockton Area Transit Authority (BAT),Brockton,MA,-71.01476832,42.08562084,Yes - Agency fetch URL available and in compliance with GTFS standards.,Public Domain,-71.0147683201375,42.0856208400288
120,10005,10005,Lowell Regional Transit Authority,Lowell Regional Transit Authority (LRTA),Lowell,MA,-71.31344376,42.63695253,Yes - Agency fetch URL available and in compliance with GTFS standards.,Public Domain,-71.313443760198,42.6369525297209
121,10006,10006,Southeastern Regional Transit Authority,Southeastern Regional Transit Authority (SRTA),New Bedford,MA,-70.92677116,41.63656457,Yes - Agency fetch URL available and in compliance with GTFS standards.,Public Domain,-70.9267711596205,41.6365645701278
122,10007,10007,Berkshire Regional Transit Authority,Berkshire Regional Transit Authority (BRTA),Pittsfield,MA,-73.25408679,42.4514366,Yes - Agency fetch URL available and in compliance with GTFS standards.,Public Domain,-73.2540867900982,42.4514365996858
123,10008,10008,Pioneer Valley Transit Authority,Pioneer Valley Transit Authority (PVTA),Springfield,MA,-72.60724485,42.11657097,Yes - Agency fetch URL available and in compliance with GTFS standards.,Public Domain,-72.6072448499592,42.1165709701156
124,10013,10013,Merrimack Valley Regional Transit Authority,Merrimack Valley Transit,Haverhill,MA,-71.09117062,42.76633942,Yes - Agency fetch URL available and in compliance with GTFS standards.,Public Domain,-71.0911706198551,42.7663394202122
125,10014,10014,Worcester Regional Transit Authority,Worcester Regional Transit Authority (WRTA),Worcester,MA,-71.79915424,42.26441271,Yes - Agency fetch URL available and in compliance with GTFS standards.,Public Domain,-71.7991542401392,42.2644127100338
126,10015,10015,Lewiston-Auburn Transit Committee,citylink,Auburn,ME,-70.25993946,44.078501,Yes - Agency fetch URL available and in compliance with GTFS standards.,Public Domain,-70.2599394604184,44.0785010002358
127,10016,10016,Greater Portland Transit District,METRO,Portland,ME,-70.27787665,43.64758581,Yes - Agency fetch URL available and in compliance with GTFS standards.,Public Domain,-70.2778766499058,43.6475858097718
128,10040,10040,Southeast Area Transit District,Southeast Area Transit (SEAT),Preston,CT,-72.06399702,41.48789601,Yes - Agency fetch URL available and in compliance with GTFS standards.,Public Domain,-72.0639970200504,41.4878960102988
129,10045,10045,Connecticut Department of Transportation - CTTransit New Britain -Dattco.,CTTransit New Britain DATTCO,New Britain,CT,-72.7781297,41.6677722,Yes - Agency fetch URL available and in compliance with GTFS standards.,Public Domain,-72.7781297000825,41.667772199943
130,10048,10048,Connecticut Department of Transportation - CTTRANSIT - Hartford Division,CTTransit Hartford,Hartford,CT,-72.65522797,41.78386,Yes - Agency fetch URL available and in compliance with GTFS standards.,Public Domain,-72.6552279700934,41.7838599999705
131,10050,10050,Greater Bridgeport Transit Authority,Greater Bridgeport Transit (GBT),Bridgeport,CT,-73.15982299,41.185631,Yes - Agency fetch URL available and in compliance with GTFS standards.,Public Domain,-73.1598229902441,41.1856309996749
132,10051,10051,Housatonic Area Regional Transit,HARTransit,Danbury,CT,-73.42990601,41.40699899,Yes - Agency fetch URL available and in compliance with GTFS standards.,Public Domain,-73.4299060097203,41.4069989896956
133,10053,10053,Cape Ann Transportation Authority,Cape Ann Transportation Authority (CATA),Gloucester,MA,-70.63992726,42.63024216,Yes - Agency fetch URL available and in compliance with GTFS standards.,Public Domain,-70.6399272603855,42.6302421598361
134,10055,10055,Connecticut Department of Transportation - CTTRANSIT New Haven Division,CTTransit New Haven,Hartford,CT,-72.65522797,41.78386,Yes - Agency fetch URL available and in compliance with GTFS standards.,Public Domain,-72.6552279700934,41.7838599999705
135,10056,10056,Connecticut Department of Transportation - CTTRANSIT Stamford Division,CTTransit Stamford,Hartford,CT,-72.65522797,41.78386,Yes - Agency fetch URL available and in compliance with GTFS standards.,Public Domain,-72.6552279700934,41.7838599999705
136,10057,10057,Norwalk Transit District,Norwalk Transit,Norwalk,CT,-73.42329303,41.08083299,Yes - Agency fetch URL available and in compliance with GTFS standards.,Public Domain,-73.4232930303152,41.0808329899866
137,10061,10061,Montachusett Regional Transit Authority,Montachusett Regional Transit (MART),Fitchburg,MA,-71.77500224,42.55757517,Yes - Agency fetch URL available and in compliance with GTFS standards.,Public Domain,-71.7750022396149,42.5575751701834
138,10064,10064,Greater Attleboro-Taunton Regional Transit Authority,Greater Attleboro Taunton Regional Transit Authority (GATRA),Taunton,MA,-71.10132186,41.90115837,Yes - Agency fetch URL available and in compliance with GTFS standards.,Public Domain,-71.1013218601451,41.9011583702028
139,10066,10066,Green Mountain Transit Authority,Green Mountain Transit (GMT),Burlington,VT,-73.22016003,44.450139,Yes - Agency fetch URL available and in compliance with GTFS standards.,Public Domain,-73.2201600296263,44.4501389998388
140,10086,10086,Cooperative Alliance for Seacoast Transportation,Cooperative Alliance for Seacoast Transportation (COAST),Dover,NH,-70.89928899,43.18144601,Yes - Agency fetch URL available and in compliance with GTFS standards.,Public Domain,-70.899288990252,43.1814460099267
141,10087,10087,City of Nashua,Nashua Transit System (NTS),Nashua,NH,-71.49752697,42.74885301,Yes - Agency fetch URL available and in compliance with GTFS standards.,Public Domain,-71.4975269701909,42.7488530101647
142,10088,10088,Casco Bay Island Transit District,Casco Bay Lines,Portland,ME,-70.24882271,43.65707299,Yes - Agency fetch URL available and in compliance with GTFS standards.,Public Domain,-70.2488227099627,43.6570729897046
143,10096,10096,City of Bangor,Community Connector (CC),Bangor,ME,-68.77020663,44.80359204,Yes - Agency fetch URL available and in compliance with GTFS standards.,Public Domain,-68.7702066300017,44.8035920399985
144,10098,10098,"Western Maine Transportation Services, Inc.",Western Maine Transportation Services Inc (WMTS),Auburn,ME,-70.27406356,44.06738731,Yes - Agency fetch URL available and in compliance with GTFS standards.,Public Domain,-70.2740635602395,44.0673873102041
145,10102,10102,Connecticut Department of Transportation,CTtransit,Newington,CT,-72.71458702,41.67332101,Yes - Agency fetch URL available and in compliance with GTFS standards.,Public Domain,-72.7145870199139,41.6733210101466
146,10105,10105,Cape Cod Regional Transit Authority,Cape Cod Regional Transit Authority (CCRTA),Hyannis,MA,-70.27927744,41.6575272,Yes - Agency fetch URL available and in compliance with GTFS standards.,Public Domain,-70.2792774396407,41.6575271998892
147,10107,10107,Milford Transit District,Milford Transit District (MTD),Milford,CT,-73.010203,41.242681,Yes - Agency fetch URL available and in compliance with GTFS standards.,Public Domain,-73.0102030002377,41.2426809997299
148,10112,10112,City of South Portland,South Portland Bus Service (SPBS),South Portland,ME,-70.25179888,43.63736228,Yes - Agency fetch URL available and in compliance with GTFS standards.,Public Domain,-70.251798879703,43.637362280092
149,10114,10114,Biddeford-Saco-Old Orchard Beach Transit Committee Shuttle Bus,BSOOB Transit,Saco,ME,-70.44883336,43.49462982,Yes - Agency fetch URL available and in compliance with GTFS standards.,Public Domain,-70.4488333598618,43.494629819755
150,10115,10115,Northern New England Passenger Rail Authority,Amtrak Downeaster,Portland,ME,-70.26458909,43.64560965,Yes - Agency fetch URL available and in compliance with GTFS standards.,Public Domain,-70.2645890900233,43.6456096497631
151,10118,10118,MetroWest Regional Transit Authority,MetroWest Regional Transit Authority (MWRTA),Framingham,MA,-71.41188244,42.27621454,Yes - Agency fetch URL available and in compliance with GTFS standards.,Public Domain,-71.4118824399109,42.2762145401355
152,10119,10119,University Of New Hampshire,Wildcat Transit,Durham,NH,-70.93505567,43.13718278,Yes - Agency fetch URL available and in compliance with GTFS standards.,Public Domain,-70.9350556702074,43.1371827796967
153,10122,10122,"Jalbert Leasing, Inc.",C&J Bus Lines,Portsmouth,NH,-70.80739299,43.06267,Yes - Agency fetch URL available and in compliance with GTFS standards.,Public Domain,-70.8073929895867,43.0626699999718
154,10128,10128,Connecticut Department of Transportation - CTTransit Waterbury- NET,CTTransit Waterbury,Watertown,CT,-73.06839075,41.60295754,Yes - Agency fetch URL available and in compliance with GTFS standards.,Public Domain,-73.0683907502341,41.602957539827
155,10130,10130,Connecticut Department of Transportation - CTTRANSIT New Britain,CTTransit New Britain,Berlin,CT,-72.74767198,41.63205502,Yes - Agency fetch URL available and in compliance with GTFS standards.,Public Domain,-72.7476719799129,41.6320550201191
156,10131,10131,Northwestern CT Transit District,Northwestern CT Transit District (NWCTD),Torrington,CT,-73.10035397,41.81298799,Yes - Agency fetch URL available and in compliance with GTFS standards.,Public Domain,-73.1003539695647,41.8129879902848
157,10133,10133,"Boston Express Bus, Inc.",Boston Express Bus (BX),Concord,NH,-71.531256,43.19138602,Yes - Agency fetch URL available and in compliance with GTFS standards.,Public Domain,-71.5312559997907,43.1913860201633
158,10137,10137,"Advance Transit, Inc. NH",Advance Transit (AT),White River Junction,VT,-72.31804496,43.68670101,Yes - Agency fetch URL available and in compliance with GTFS standards.,Public Domain,-72.3180449598898,43.6867010097378
159,10140,10140,Estuary Transit District,River Valley Transit,Middletown,CT,-72.655952,41.56933902,Yes - Agency fetch URL available and in compliance with GTFS standards.,Public Domain,-72.6559519996359,41.5693390203325
160,10143,10143,Tri-Valley Transit Inc,Tri-Valley Transit (TVT),Middlebury,VT,-73.15961696,44.00029701,Yes - Agency fetch URL available and in compliance with GTFS standards.,Public Domain,-73.159616959837,44.0002970098751
161,10144,10144,"Southeast Vermont Transit, Inc",MOOver,Wilmington,VT,-72.87677098,42.86957601,Yes - Agency fetch URL available and in compliance with GTFS standards.,Public Domain,-72.8767709804346,42.8695760101506
162,10145,10145,Martha's Vineyard Transit Authority,Marthas Vineyard Transit Authority (VTA),Edgartown,MA,-70.60478069,41.3910642,Yes - Agency fetch URL available and in compliance with GTFS standards.,Public Domain,-70.6047806901657,41.3910641998276
163,10148,10148,Rural Community Transportation,Rural Community Transportation (RCT),Lyndonville,VT,-72.01507303,44.50171398,Yes - Agency fetch URL available and in compliance with GTFS standards.,Public Domain,-72.0150730296406,44.5017139797197
164,10149,10149,Windham Region Transit District,University of Connecticut (UCONN / WRTD),Mansfield Center,CT,-72.20840204,41.73006201,Yes - Agency fetch URL available and in compliance with GTFS standards.,Public Domain,-72.2084020401008,41.7300620100159
165,10151,10151,Green Mountain Community Network,Green Mountain Express,Bennington,VT,-73.19319403,42.878901,Yes - Agency fetch URL available and in compliance with GTFS standards.,Public Domain,-73.1931940304234,42.8789009999645
166,10153,,Town of Cranberry Isles,Town of Cranberry Isles Commuter Ferry,Islesford,ME,-68.23430186,44.26175719,No - Agency data not available due to processing or GTFS standard compliance errors.,Public Domain,-68.2343018600924,44.2617571899721
167,10154,10154,Marble Valley Regional Transit District,The Bus,Rutland,VT,-72.976883,43.59881001,Yes - Agency fetch URL available and in compliance with GTFS standards.,Public Domain,-72.976882999638,43.598810009891
168,10156,10156,Northeastern Connecticut Transit District,Northeastern Connecticut Transit District (NECTD),Dayville,CT,-71.87876199,41.85003102,Yes - Agency fetch URL available and in compliance with GTFS standards.,Public Domain,-71.8787619902002,41.8500310201173
169,10159,10159,"VNA Home Healthcare, Hospice and Community Service",City Express,Keene,NH,-72.266739,42.92597201,Yes - Agency fetch URL available and in compliance with GTFS standards.,Public Domain,-72.2667390002659,42.9259720099898
170,10161,10161,Belknap-Merrimack CAP/Concord Area Transit,Concord Area Transit (CAT),Concord,NH,-71.48582901,43.21297001,Yes - Agency fetch URL available and in compliance with GTFS standards.,Public Domain,-71.4858290097465,43.2129700101932
171,10162,10162,Nantucket Regional Transit Authority,the WAVE,Nantucket,MA,-70.09864069,41.28492661,Yes - Agency fetch URL available and in compliance with GTFS standards.,Public Domain,-70.0986406898972,41.2849266098234
172,10167,10167,Isle au Haut Boat Services,Isle au Haut Ferry,Stonington,ME,-68.6610406,44.15525414,Yes - Agency fetch URL available and in compliance with GTFS standards.,Public Domain,-68.6610405997459,44.155254139996
173,10169,10169,Waldo Community Action Partners,MidCoast Public Transportation,Belfast,ME,-69.01366999,44.43179269,Yes - Agency fetch URL available and in compliance with GTFS standards.,Public Domain,-69.0136699903429,44.4317926899434
174,10172,10172,"Tri-County CAP, Inc./North Country Transit",Tri Delta Transit,Berlin,NH,-71.18541901,44.46795398,Yes - Agency fetch URL available and in compliance with GTFS standards.,Public Domain,-71.1854190100088,44.4679539797599
175,10173,10173,Franklin Regional Transit Authority,Franklin Regional Transit Authority (FRTA),Greenfield,MA,-72.60049021,42.58560241,Yes - Agency fetch URL available and in compliance with GTFS standards.,Public Domain,-72.6004902098271,42.585602410242
176,10175,10175,"Downeast Transportation, Inc.",Downeast,Trenton,ME,-68.37389508,44.46870462,Yes - Agency fetch URL available and in compliance with GTFS standards.,Public Domain,-68.3738950803745,44.4687046202519
177,10177,10177,"West's Transportation, Inc.",West's Bus Service,Steuben,ME,-67.90970101,44.50600719,Yes - Agency fetch URL available and in compliance with GTFS standards.,Public Domain,-67.9097010103894,44.5060071899514
178,10179,10179,City of Beverly,Beverly Shuttle,Beverly,MA,-70.87841546,42.54775698,Yes - Agency fetch URL available and in compliance with GTFS standards.,Public Domain,-70.8784154596291,42.5477569801519
179,10181,10181,Town of Lexington,Lexpress,Lexington,MA,-71.22458831,42.44699197,Yes - Agency fetch URL available and in compliance with GTFS standards.,Public Domain,-71.2245883097328,42.4469919702355
180,10182,10182,Mission Hill Link Inc,Mission Hill Link,Boston,MA,-71.10035124,42.33241734,Yes - Agency fetch URL available and in compliance with GTFS standards.,Public Domain,-71.1003512403621,42.3324173399101
181,10183,10183,"Woods Hole, Martha's Vineyard and Nantucket Steamship Authority",The Steamship Authority,Falmouth,MA,-70.62004237,41.55924893,Yes - Agency fetch URL available and in compliance with GTFS standards.,Public Domain,-70.6200423697502,41.5592489301667
182,11147,11147,Rhode Island Department of Transportation,Rhode Island Department of Transportation (RIDOT),Providence,RI,-71.41534512,41.82929121,Yes - Agency fetch URL available and in compliance with GTFS standards.,Public Domain,-71.4153451201411,41.82929121006
183,11152,11152,Mashantucket Pequot Tribal Nation,Community Busing,Mashantucket,CT,-71.96862452,41.45728921,Yes - Agency fetch URL available and in compliance with GTFS standards.,Public Domain,-71.968624520371,41.4572892102812
184,11156,11156,Southwestern Community Services Transportation,Sullivan County Transportation,Keene,NH,-72.27519198,42.930939,Yes - Agency fetch URL available and in compliance with GTFS standards.,Public Domain,-72.2751919800028,42.9309389999518
185,11235,11235,Maine Department of Transportation,Maine State Ferry Service (MSFS),Augusta,ME,-69.77763109,44.30751249,Yes - Agency fetch URL available and in compliance with GTFS standards.,Public Domain,-69.7776310900027,44.3075124899812
186,11239,11239,"Hyannis Harbor Tours, Inc.",Hy-Line Cruises,Hyannis,MA,-70.27938938,41.64761692,Yes - Agency fetch URL available and in compliance with GTFS standards.,Public Domain,-70.2793893796065,41.6476169202569
187,20002,20002,Capital District Transportation Authority,Capital District Transportation Authority (CDTA),Albany,NY,-73.78120155,42.68045546,Yes - Agency fetch URL available and in compliance with GTFS standards.,Public Domain,-73.7812015503424,42.6804554599011
188,20003,20003,Broome County,BC Transit,Binghamton,NY,-75.91075682,42.09656065,Yes - Agency fetch URL available and in compliance with GTFS standards.,Public Domain,-75.9107568196908,42.0965606503063
189,20004,20004,Niagara Frontier Transportation Authority,Niagara Frontier Transportation Authority (NFTA),Buffalo,NY,-78.87210718,42.88321253,Yes - Agency fetch URL available and in compliance with GTFS standards.,Public Domain,-78.8721071802686,42.8832125301512
190,20005,20005,Chemung County,C TRAN,Elmira,NY,-76.80289408,42.08953399,Yes - Agency fetch URL available and in compliance with GTFS standards.,Public Domain,-76.8028940796827,42.0895339898543
191,20006,20006,City of Long Beach,City of Long Beach Transportation,Long Beach,NY,-73.66635942,40.58962236,Yes - Agency fetch URL available and in compliance with GTFS standards.,Public Domain,-73.6663594197424,40.5896223597659
192,20008,20008,MTA New York City Transit,Metropolitan Transportation Authority (MTA),Brooklyn,NY,-73.98743668,40.692752,Yes - Agency fetch URL available and in compliance with GTFS standards.,Public Domain,-73.9874366798457,40.6927519997724
193,20010,20010,Dutchess County,Dutchess County Public Transit,Poughkeepsie,NY,-73.85446315,41.6820229,Yes - Agency fetch URL available and in compliance with GTFS standards.,Public Domain,-73.8544631502822,41.6820229000549
194,20018,20018,Central New York Regional Transportation Authority,Centro,Syracuse,NY,-76.15304495,43.035333,Yes - Agency fetch URL available and in compliance with GTFS standards.,Public Domain,-76.1530449500784,43.0353329999275
195,20071,20071,Town of Huntington,Huntington Area Rapid Transit (HART),Huntington,NY,-73.4285012,40.8738497,Yes - Agency fetch URL available and in compliance with GTFS standards.,Public Domain,-73.4285012000244,40.8738496999891
196,20072,20072,Suffolk County,Suffolk County Transit (SCT),Yaphank,NY,-72.91410364,40.82898064,Yes - Agency fetch URL available and in compliance with GTFS standards.,Public Domain,-72.9141036404242,40.8289806399404
197,20075,20075,Port Authority Transit Corporation,Port Authority Transit Corporation (PATCO),Camden,NJ,-75.129602,39.944169,Yes - Agency fetch URL available and in compliance with GTFS standards.,Public Domain,-75.1296019996289,39.9441689998466
198,20076,20076,Westchester County,Bee-Line Bus,White Plains,NY,-73.767617,41.03087856,Yes - Agency fetch URL available and in compliance with GTFS standards.,Public Domain,-73.7676170002405,41.0308785597764
199,20078,20078,Metro-North Commuter Railroad Company,Metro-North Railroad,New York,NY,-73.97527144,40.75275888,Yes - Agency fetch URL available and in compliance with GTFS standards.,Public Domain,-73.975271440045,40.7527588797357
200,20080,20080,New Jersey Transit Corporation,NJ TRANSIT,Newark,NJ,-74.16212896,40.7339714,Yes - Agency fetch URL available and in compliance with GTFS standards.,Public Domain,-74.1621289602489,40.7339714000503
201,20082,20082,New York City Department of Transportation,New York City Department of Transportation (NYCDOT),New York,NY,-74.00976054,40.70339375,Yes - Agency fetch URL available and in compliance with GTFS standards.,Public Domain,-74.0097605395966,40.7033937503301
202,20084,20084,County of Rockland,Transport of Rockland (TOR),New City,NY,-73.99141783,41.14756274,Yes - Agency fetch URL available and in compliance with GTFS standards.,Public Domain,-73.9914178299287,41.1475627397519
203,20085,20085,Town of Clarkstown,Mini Trans ,New City,NY,-73.98809567,41.14664337,Yes - Agency fetch URL available and in compliance with GTFS standards.,Public Domain,-73.9880956695651,41.146643370042
204,20096,20096,Putnam County,Putnam Area Rapid Transit (PART),Carmel,NY,-73.67839407,41.42617435,Yes - Agency fetch URL available and in compliance with GTFS standards.,Public Domain,-73.6783940696537,41.426174350081
205,20098,20098,Port Authority Trans-Hudson Corporation,Port Authority Trans-Hudson Corporation (PATH),New York,NY,-74.01163842,40.71012207,Yes - Agency fetch URL available and in compliance with GTFS standards.,Public Domain,-74.0116384200873,40.7101220697915
206,20099,20099,Staten Island Rapid Transit Operating Authority,MTA Staten Island Railway,Staten Island,NY,-74.07589736,40.64049699,Yes - Agency fetch URL available and in compliance with GTFS standards.,Public Domain,-74.0758973602695,40.6404969900861
207,20100,20100,MTA Long Island Rail Road,MTA Long Island Rail Road (MTA LIRR),New York,NY,-73.81089455,40.70218273,Yes - Agency fetch URL available and in compliance with GTFS standards.,Public Domain,-73.8108945499819,40.7021827296845
208,20113,20113,Regional Transit Service,RTS Monroe,Rochester,NY,-77.57499585,43.16123728,Yes - Agency fetch URL available and in compliance with GTFS standards.,Public Domain,-77.5749958498894,43.1612372797858
209,20122,20122,"Academy Lines, Inc.",Academy Bus,Hoboken,NJ,-74.04298699,40.73828698,Yes - Agency fetch URL available and in compliance with GTFS standards.,Public Domain,-74.0429869896427,40.7382869802978
210,20145,20145,Tompkins Consolidated Area Transit,Tompkins Consolidated Area Transit (TCAT),Ithaca,NY,-76.50537406,42.45310644,Yes - Agency fetch URL available and in compliance with GTFS standards.,Public Domain,-76.505374059927,42.4531064399404
211,20148,20148,Newburgh Beacon Bus Corporation,Newburgh Beacon Shuttle,New Windsor,NY,-74.03367943,41.49110971,Yes - Agency fetch URL available and in compliance with GTFS standards.,Public Domain,-74.0336794299995,41.4911097097869
212,20163,20163,"Lakeland Bus Lines, Inc.",Lakeland Bus Lines,Dover,NJ,-74.53714402,40.883188,Yes - Agency fetch URL available and in compliance with GTFS standards.,Public Domain,-74.5371440200782,40.8831880000169
213,20169,20169,"Trans-Bridge Lines, Inc.",Trans-Bridge Lines,Bethlehem,PA,-75.41735701,40.651457,Yes - Agency fetch URL available and in compliance with GTFS standards.,Public Domain,-75.417357009751,40.6514570003152
214,20175,20175,Private Transportation Corporation,Williamsburg - Borough Park,Brooklyn,NY,-73.99107527,40.67514351,Yes - Agency fetch URL available and in compliance with GTFS standards.,Public Domain,-73.9910752699715,40.6751435097977
215,20176,20176,Kaser Bus Service,Kaser Village Transit,Monsey,NY,-74.07019264,41.11480061,Yes - Agency fetch URL available and in compliance with GTFS standards.,Public Domain,-74.0701926396004,41.1148006102947
216,20177,20177,"Adirondack Transit Lines, Inc.",Adirondack Trailways,Hurley,NY,-74.04905356,41.93418642,Yes - Agency fetch URL available and in compliance with GTFS standards.,Public Domain,-74.049053559793,41.9341864198076
217,20178,20178,Ulster County,Ulster County Area Transit (UCAT),Kingston,NY,-74.01742143,41.93274662,Yes - Agency fetch URL available and in compliance with GTFS standards.,Public Domain,-74.0174214298317,41.9327466200326
218,20179,20179,"Leprechaun Lines, Inc.",Leprechaun Lines,New Windsor,NY,-74.03519467,41.49213507,Yes - Agency fetch URL available and in compliance with GTFS standards.,Public Domain,-74.0351946695932,41.4921350700518
219,20183,20183,Town of Monroe,Town of Monroe Express Loop,Monroe,NY,-74.19799931,41.31336081,Yes - Agency fetch URL available and in compliance with GTFS standards.,Public Domain,-74.1979993102797,41.3133608098643
220,20187,20187,Village of Kiryas Joel,KJ Transit,Monroe,NY,-74.17089257,41.34032128,Yes - Agency fetch URL available and in compliance with GTFS standards.,Public Domain,-74.1708925702246,41.3403212800382
221,20188,20188,MTA Bus Company,MTABUS,New York,NY,-74.01312931,40.70457438,Yes - Agency fetch URL available and in compliance with GTFS standards.,Public Domain,-74.0131293099469,40.7045743799075
222,20190,20190,Port Imperial Ferry Corporation,NY Waterway,Weehawken,NJ,-74.01163652,40.77618055,Yes - Agency fetch URL available and in compliance with GTFS standards.,Public Domain,-74.0116365201505,40.7761805499957
223,20192,20192,Bergen County,Bergen County Community Transportation (BCCT),Hackensack,NJ,-74.04299797,40.87671902,Yes - Agency fetch URL available and in compliance with GTFS standards.,Public Domain,-74.0429979697504,40.8767190196974
224,20195,20195,Gloucester County,Division of Transportation Services (DTS),West Deptford,NJ,-75.16393,39.82160299,Yes - Agency fetch URL available and in compliance with GTFS standards.,Public Domain,-75.163929999809,39.8216029897082
225,20199,20199,County of Atlantic,Cross County Connection,Atlantic City,NJ,-74.42790502,39.36266898,Yes - Agency fetch URL available and in compliance with GTFS standards.,Public Domain,-74.4279050196719,39.3626689799016
226,20200,20200,South Jersey Transportation Authority,South Jersey Transportation Authority (SJTA),Blackwood,NJ,-75.06866967,39.7859612,Yes - Agency fetch URL available and in compliance with GTFS standards.,Public Domain,-75.0686696700641,39.7859611998551
227,20201,20201,County of Cumberland,Cumberland County Division of Employment and Training,Bridgeton,NJ,-75.24269701,39.42843101,Yes - Agency fetch URL available and in compliance with GTFS standards.,Public Domain,-75.2426970103075,39.4284310097005
228,20206,20206,County of Nassau,Nassau Inter-County Express (NICE),Mineola,NY,-73.64055003,40.73780414,Yes - Agency fetch URL available and in compliance with GTFS standards.,Public Domain,-73.6405500302139,40.7378041403064
229,20208,20208,County of Burlington,BurLink,Mount Holly,NJ,-74.79058402,39.99547698,Yes - Agency fetch URL available and in compliance with GTFS standards.,Public Domain,-74.7905840196591,39.9954769797906
230,20209,20209,Somerset County,Somerset County Transportation (SCT),Somerville,NJ,-74.609448,40.56798402,Yes - Agency fetch URL available and in compliance with GTFS standards.,Public Domain,-74.6094479997554,40.5679840197367
231,20212,20212,County of Hunterdon,HCLink,Flemington,NJ,-74.85940398,40.51074002,Yes - Agency fetch URL available and in compliance with GTFS standards.,Public Domain,-74.8594039796267,40.5107400199302
232,20213,20213,City of Mechanicville,Public Transportation System,Mechanicville,NY,-73.68528575,42.90369023,Yes - Agency fetch URL available and in compliance with GTFS standards.,Public Domain,-73.6852857495791,42.9036902301953
233,20214,20214,Town of Warwick,Warwick Shuttle Bus,Warwick,NY,-74.33697018,41.26982215,Yes - Agency fetch URL available and in compliance with GTFS standards.,Public Domain,-74.3369701804279,41.2698221499837
234,20215,20215,City of Watertown NY,CitiBus,Watertown,NY,-75.91000941,43.97259834,Yes - Agency fetch URL available and in compliance with GTFS standards.,Public Domain,-75.9100094096963,43.9725983401559
235,20216,20216,Orange County,Transit Orange,Goshen,NY,-74.3180145,41.40683412,Yes - Agency fetch URL available and in compliance with GTFS standards.,Public Domain,-74.318014499936,41.4068341201912
236,20217,20217,"Hampton Jitney, Inc.",Hampton Jitney,Calverton,NY,-72.74671938,40.9142616,Yes - Agency fetch URL available and in compliance with GTFS standards.,Public Domain,-72.7467193803345,40.9142616000213
237,20220,20220,Broadway Bus Corporation,Broadway Bus,Bayonne,NJ,-74.10398493,40.69162279,Yes - Agency fetch URL available and in compliance with GTFS standards.,Public Domain,-74.1039849303592,40.6916227902718
238,20223,20223,Cape May Lewes Ferry,Cape May Lewes Ferry,New Castle,DE,-75.55792749,39.68434214,Yes - Agency fetch URL available and in compliance with GTFS standards.,Public Domain,-75.5579274901627,39.6843421403311
239,20226,20226,"SeaStreak, LLC",Seastreak,Atlantic Highlands,NJ,-74.03632103,40.417058,Yes - Agency fetch URL available and in compliance with GTFS standards.,Public Domain,-74.0363210302971,40.4170579998297
240,20227,20227,Town of Wallkill,Wallkill Shuttle Bus,Middletown,NY,-74.37498538,41.46698115,Yes - Agency fetch URL available and in compliance with GTFS standards.,Public Domain,-74.3749853803704,41.4669811497031
241,20230,20230,Barnegat Bay Decoy and Baymens Museum,Tuckerton Seaport Ferry,Tuckerton,NJ,-74.34250882,39.60122003,Yes - Agency fetch URL available and in compliance with GTFS standards.,Public Domain,-74.342508819669,39.6012200298052
242,20925,20925,Lewis County,Lewis County Public Transportation (LCPT),Lowville,NY,-75.49346511,43.78887792,Yes - Agency fetch URL available and in compliance with GTFS standards.,Public Domain,-75.4934651103147,43.7888779202404
243,20926,20926,Schoharie County,Schoharie County Public Transportation (SCPT),Schoharie,NY,-74.31171005,42.66352586,Yes - Agency fetch URL available and in compliance with GTFS standards.,Public Domain,-74.3117100496102,42.6635258599938
244,20928,20928,Warren County,Warren County Transportation (WCT),Belvidere,NJ,-75.082188,40.800014,Yes - Agency fetch URL available and in compliance with GTFS standards.,Public Domain,-75.0821879999565,40.8000139997753
245,20931,20931,Greene County,Greene County Transit (GCT),Catskill,NY,-73.86616496,42.22001061,Yes - Agency fetch URL available and in compliance with GTFS standards.,Public Domain,-73.8661649600077,42.2200106097844
246,20932,20932,Essex County,Essex County Public Transportation (ECPT),Elizabethtown,NY,-73.59531751,44.21462768,Yes - Agency fetch URL available and in compliance with GTFS standards.,Public Domain,-73.5953175101573,44.2146276798716
247,20934,20934,Regional Transit Service,RTS Orleans,Rochester,NY,-78.21523202,43.23848896,Yes - Agency fetch URL available and in compliance with GTFS standards.,Public Domain,-78.2152320196034,43.2384889597137
248,20935,20935,Chenango County,Chenango County Transit System,Norwich,NY,-75.52622335,42.53224564,Yes - Agency fetch URL available and in compliance with GTFS standards.,Public Domain,-75.5262233503499,42.5322456400243
249,20937,20937,Sullivan County,Move Sullivan,Monticello,NY,-74.69185987,41.65842553,Yes - Agency fetch URL available and in compliance with GTFS standards.,Public Domain,-74.691859869722,41.6584255302684
250,20938,20938,Regional Transit Service,RTS Seneca,Rochester,NY,-77.57499585,43.16123728,Yes - Agency fetch URL available and in compliance with GTFS standards.,Public Domain,-77.5749958498894,43.1612372797858
251,20939,20939,Clinton County,Clinton County Public Transit (CCPT),Plattsburgh,NY,-73.45391522,44.69919539,Yes - Agency fetch URL available and in compliance with GTFS standards.,Public Domain,-73.4539152203352,44.6991953898905
252,20940,20940,Madison County,Madison Transit System (MTS),Wampsville,NY,-75.70738376,43.0800256,Yes - Agency fetch URL available and in compliance with GTFS standards.,Public Domain,-75.7073837604119,43.080025599804
253,20941,20941,City of Corning,Corning Erwin Area Transit System (CEATS),Corning,NY,-77.04725854,42.14244817,Yes - Agency fetch URL available and in compliance with GTFS standards.,Public Domain,-77.0472585400854,42.1424481697722
254,20942,20942,Oswego County,Oswego Public Transportation (OPT),Oswego,NY,-76.49084461,43.45039329,Yes - Agency fetch URL available and in compliance with GTFS standards.,Public Domain,-76.490844609707,43.4503932900796
255,20945,20945,Schuyler County,Schuyler County Transit,Watkins Glen,NY,-76.87094515,42.37717289,Yes - Agency fetch URL available and in compliance with GTFS standards.,Public Domain,-76.8709451500389,42.3771728897187
256,20946,20946,Steuben County,Steuben County Transit,Bath,NY,-76.81235414,42.10654739,Yes - Agency fetch URL available and in compliance with GTFS standards.,Public Domain,-76.8123541400234,42.1065473900298
257,20947,20947,Regional Transit Service,RTS Genesee,Rochester,NY,-77.57499585,43.16123728,Yes - Agency fetch URL available and in compliance with GTFS standards.,Public Domain,-77.5749958498894,43.1612372797858
258,20950,20950,Sussex County,Skylands Ride,Newton,NJ,-74.75271903,41.05892001,Yes - Agency fetch URL available and in compliance with GTFS standards.,Public Domain,-74.7527190297103,41.0589200103202
259,20951,20951,Allegany County,Access Allegany,Belmont,NY,-78.03391754,42.22480473,Yes - Agency fetch URL available and in compliance with GTFS standards.,Public Domain,-78.0339175403854,42.2248047300673
260,20953,20953,City of Hornell,Hornell Area Transit (HAT),Hornell,NY,-77.66142609,42.32775269,Yes - Agency fetch URL available and in compliance with GTFS standards.,Public Domain,-77.6614260898361,42.3277526900596
261,20957,20957,County of Niagara,Connect Niagara,Lockport,NY,-78.70003291,43.16950276,Yes - Agency fetch URL available and in compliance with GTFS standards.,Public Domain,-78.7000329104036,43.1695027600615
262,20958,20958,Cortland County,Way to Go Cortland,Cortland,NY,-76.17681284,42.60120599,Yes - Agency fetch URL available and in compliance with GTFS standards.,Public Domain,-76.1768128399703,42.6012059897532
263,20959,20959,Chautauqua County,CHQ Transit,Mayville,NY,-79.50505118,42.25501462,Yes - Agency fetch URL available and in compliance with GTFS standards.,Public Domain,-79.5050511804424,42.2550146198319
264,20960,20960,City of Oneonta,Oneonta Public Transit (OPT),Oneonta,NY,-75.06025826,42.45502501,Yes - Agency fetch URL available and in compliance with GTFS standards.,Public Domain,-75.060258259867,42.4550250100367
265,20962,,Regional Transit Service,RTS Livingston,Rochester,NY,-77.57499585,43.16123728,No - Agency data not available due to processing or GTFS standard compliance errors.,Public Domain,-77.5749958498894,43.1612372797858
266,20967,20967,Regional Transit Service,RTS Ontario,Rochester,NY,-77.57499585,43.16123728,Yes - Agency fetch URL available and in compliance with GTFS standards.,Public Domain,-77.5749958498894,43.1612372797858
267,20968,20968,County of Rensselaer,Rensselaer County/Yankee Trails,East Greenbush,NY,-73.70226179,42.62201776,Yes - Agency fetch URL available and in compliance with GTFS standards.,Public Domain,-73.7022617902215,42.6220177597327
268,20975,20975,City of Olean,Olean Area Transit System (OATS),Olean,NY,-78.28297724,42.22124887,Yes - Agency fetch URL available and in compliance with GTFS standards.,Public Domain,-78.2829772396566,42.2212488699291
269,20980,20980,Regional Transit Service,RTS Wyoming,Rochester,NY,-78.13329355,42.74010628,Yes - Agency fetch URL available and in compliance with GTFS standards.,Public Domain,-78.1332935501135,42.7401062802384
270,20981,20981,City of Gloversville,Gloversville Transit Services (GTS),Gloversville,NY,-74.34935712,43.05197288,Yes - Agency fetch URL available and in compliance with GTFS standards.,Public Domain,-74.3493571199493,43.051972879917
271,20983,20983,Regional Transit Service,RTS Wayne,Rochester,NY,-77.03950715,43.06553753,Yes - Agency fetch URL available and in compliance with GTFS standards.,Public Domain,-77.0395071499752,43.0655375297812
272,20991,20991,St Lawrence County,St Lawrence County Public Transit,Canton,NY,-75.16795331,44.59829346,Yes - Agency fetch URL available and in compliance with GTFS standards.,Public Domain,-75.1679533096248,44.5982934597138
273,20992,20992,Franklin County,Franklin County Public Transportation,Malone,NY,-74.29530843,44.84917149,Yes - Agency fetch URL available and in compliance with GTFS standards.,Public Domain,-74.295308430388,44.8491714902696
274,20998,20998,Otsego County,Otsego Express,Cooperstown,NY,-74.94707575,42.65256816,Yes - Agency fetch URL available and in compliance with GTFS standards.,Public Domain,-74.9470757496865,42.652568160206
275,20999,20999,Columbia County,Columbia County Public Transportation (CCPT),Hudson,NY,-73.78698816,42.25209759,Yes - Agency fetch URL available and in compliance with GTFS standards.,Public Domain,-73.7869881596361,42.2520975900667
276,21000,21000,Yates County,Yates Transit Service (YTS),Penn Yan,NY,-77.05850968,42.66390032,Yes - Agency fetch URL available and in compliance with GTFS standards.,Public Domain,-77.0585096803042,42.6639003196904
277,22929,22929,Seneca Nation of Indians,Seneca Transit System,Salamanca,NY,-78.7159614,42.1553654,Yes - Agency fetch URL available and in compliance with GTFS standards.,Public Domain,-78.7159614004404,42.1553653997977
278,22930,22930,New York City Economic Development Corporation,NYC Ferry,New York,NY,-74.0110014,40.70955646,Yes - Agency fetch URL available and in compliance with GTFS standards.,Public Domain,-74.0110013995665,40.7095564601043
279,30001,30001,Kanawha Valley Regional Transportation Authority,Kanawha Valley Regional Transportation Authority (KRT),Charleston,WV,-81.663334,38.36850599,Yes - Agency fetch URL available and in compliance with GTFS standards.,Public Domain,-81.6633340003501,38.3685059902103
280,30002,30002,The Tri-State Transit Authority,Tri-State Transit Authority (TTA),Huntington,WV,-82.477208,38.41544402,Yes - Agency fetch URL available and in compliance with GTFS standards.,Public Domain,-82.477207999902,38.4154440199788
281,30003,30003,Mid-Ohio Valley Transit Authority,Easy Rider,Parkersburg,WV,-81.56016501,39.26680499,Yes - Agency fetch URL available and in compliance with GTFS standards.,Public Domain,-81.5601650097434,39.266804989747
282,30006,30006,Greater Richmond Transit Company,Greater Richmond Transit Company (GRTC),Richmond,VA,-77.47966603,37.50703502,Yes - Agency fetch URL available and in compliance with GTFS standards.,Public Domain,-77.4796660300674,37.507035020352
283,30007,30007,Greater Roanoke Transit Company,Valley Metro,Roanoke,VA,-79.92673299,37.27508802,Yes - Agency fetch URL available and in compliance with GTFS standards.,Public Domain,-79.9267329898496,37.2750880201059
284,30008,30008,Greater Lynchburg Transit Company,Greater Lynchburg Transit Company (GLTC),Lynchburg,VA,-79.15603401,37.37700601,Yes - Agency fetch URL available and in compliance with GTFS standards.,Public Domain,-79.1560340099259,37.3770060099247
285,30009,30009,City of Petersburg,Petersburg Area Transit (PAT),Petersburg,VA,-77.40521202,37.22983601,Yes - Agency fetch URL available and in compliance with GTFS standards.,Public Domain,-77.4052120198942,37.2298360098967
286,30010,30010,Lehigh and Northampton Transportation Authority,Lehigh and Northampton Transportation Authority (LANTA),Allentown,PA,-75.47698,40.58728498,Yes - Agency fetch URL available and in compliance with GTFS standards.,Public Domain,-75.4769799998734,40.5872849797297
287,30011,30011,Altoona Metro Transit,AMTRAN,Altoona,PA,-78.41143804,40.49210001,Yes - Agency fetch URL available and in compliance with GTFS standards.,Public Domain,-78.4114380401696,40.4921000100145
288,30012,30012,Cambria County Transit Authority,CamTran,Johnstown,PA,-78.89902801,40.33523101,Yes - Agency fetch URL available and in compliance with GTFS standards.,Public Domain,-78.8990280103824,40.3352310102016
289,30013,30013,Erie Metropolitan Transit Authority,The e,Erie,PA,-80.07321304,42.12369002,Yes - Agency fetch URL available and in compliance with GTFS standards.,Public Domain,-80.0732130400529,42.123690019917
290,30015,30015,Luzerne County Transportation Authority,Luzerne County Transportation Authority (LCTA),Wilkes Barre,PA,-75.89327703,41.25339102,Yes - Agency fetch URL available and in compliance with GTFS standards.,Public Domain,-75.8932770298882,41.2533910200242
291,30019,30019,Southeastern Pennsylvania Transportation Authority,Southeastern Pennsylvania Transportation Authority (SEPTA),Philadelphia,PA,-75.160953,39.95172198,Yes - Agency fetch URL available and in compliance with GTFS standards.,Public Domain,-75.1609530000254,39.9517219803127
292,30022,30022,Pittsburgh Regional Transit,Pittsburgh Regional Transit (PRT),Pittsburgh,PA,-79.9982223,40.44169971,Yes - Agency fetch URL available and in compliance with GTFS standards.,Public Domain,-79.9982222999721,40.4416997098796
293,30023,30023,Beaver County Transit Authority,Beaver County Transit Authority (BCTA),Rochester,PA,-80.28460397,40.70093001,Yes - Agency fetch URL available and in compliance with GTFS standards.,Public Domain,-80.2846039701794,40.7009300097863
294,30025,30025,County of Lackawanna Transit System,County of Lackawanna Transit System (COLTS),Scranton,PA,-75.68734499,41.428004,Yes - Agency fetch URL available and in compliance with GTFS standards.,Public Domain,-75.6873449901651,41.4280039997159
295,30030,30030,Washington Metropolitan Area Transit Authority,Washington Metro,Washington,DC,-77.02139629,38.88523603,Yes - Agency fetch URL available and in compliance with GTFS standards.,Public Domain,-77.0213962900923,38.8852360303138
296,30034,30034,Maryland Transit Administration,Maryland Transit Administration (MTA),Baltimore,MD,-76.61422497,39.289803,Yes - Agency fetch URL available and in compliance with GTFS standards.,Public Domain,-76.6142249701643,39.2898030000958
297,30035,30035,Ohio Valley Regional Transportation Authority,Ohio Valley/Eastern Ohio Regional Transportation Authority,Wheeling,WV,-80.73571397,40.07168998,Yes - Agency fetch URL available and in compliance with GTFS standards.,Public Domain,-80.7357139702535,40.0716899799123
298,30036,30036,City of Charlottesville,Charlottesville Area Transit (CAT),Charlottesville,VA,-78.47728803,38.02996,Yes - Agency fetch URL available and in compliance with GTFS standards.,Public Domain,-78.4772880296706,38.0299599998934
299,30040,30040,City of Annapolis,Annapolis Transit,Annapolis,MD,-76.48948398,38.97652698,Yes - Agency fetch URL available and in compliance with GTFS standards.,Public Domain,-76.4894839800552,38.9765269801158
300,30041,30041,Board of Commissioners of Allegany County Maryland,Allegany County Transit (ACT),Cumberland,MD,-78.782466,39.63984402,Yes - Agency fetch URL available and in compliance with GTFS standards.,Public Domain,-78.7824660003738,39.639844019999
301,30042,30042,Washington County,Washington County Transit (WCT),Hagerstown,MD,-77.72291498,39.64354899,Yes - Agency fetch URL available and in compliance with GTFS standards.,Public Domain,-77.7229149796183,39.6435489902632
302,30044,30044,Westmoreland County Transit Authority,Westmoreland Transit,Greensburg,PA,-79.54686003,40.30280298,Yes - Agency fetch URL available and in compliance with GTFS standards.,Public Domain,-79.5468600296101,40.3028029799852
303,30045,30045,"JAUNT, Inc.",Jaunt CONNECT,Charlottesville,VA,-78.47087503,38.01400898,Yes - Agency fetch URL available and in compliance with GTFS standards.,Public Domain,-78.4708750296209,38.0140089802228
304,30051,30051,"Montgomery County, Maryland",Ride On,Rockville,MD,-77.14998701,39.083332,Yes - Agency fetch URL available and in compliance with GTFS standards.,Public Domain,-77.1499870103515,39.0833319996658
305,30053,30053,City of Bristol Virginia,Bristol Virginia Transit (BVT),Bristol,VA,-82.18106697,36.598573,Yes - Agency fetch URL available and in compliance with GTFS standards.,Public Domain,-82.181066969566,36.5985730000165
306,30054,30054,Centre Area Transportation Authority,Centre Area Transportation Authority (CATA),State College,PA,-77.87651,40.76176599,Yes - Agency fetch URL available and in compliance with GTFS standards.,Public Domain,-77.8765100003838,40.7617659903373
307,30055,30055,Mercer County Regional Council of Governments,Shenango Valley Shuttle Service,Sharon,PA,-80.51264102,41.22962501,Yes - Agency fetch URL available and in compliance with GTFS standards.,Public Domain,-80.5126410202872,41.2296250097149
308,30057,30057,Pennsylvania Department of Transportation,Pennsylvania Department of Transportation (PENNDOT),Harrisburg,PA,-76.88393756,40.26781363,Yes - Agency fetch URL available and in compliance with GTFS standards.,Public Domain,-76.88393756035,40.267813629886
309,30058,30058,City of Fairfax,CUE Bus,Fairfax,VA,-77.30744178,38.84135181,Yes - Agency fetch URL available and in compliance with GTFS standards.,Public Domain,-77.3074417801775,38.8413518102689
310,30061,30061,Mid Mon Valley Transit Authority,Mid Mon Valley Transit Authority (MMVTA),Charleroi,PA,-79.90594504,40.14608101,Yes - Agency fetch URL available and in compliance with GTFS standards.,Public Domain,-79.9059450399272,40.1460810101835
311,30068,30068,"Fairfax County, VA",Fairfax Connector Bus System,Fairfax,VA,-77.35655599,38.85414411,Yes - Agency fetch URL available and in compliance with GTFS standards.,Public Domain,-77.3565559897471,38.8541441100411
312,30069,30069,City of Danville,Danville Transit,Danville,VA,-79.39197604,36.58634498,Yes - Agency fetch URL available and in compliance with GTFS standards.,Public Domain,-79.3919760395996,36.5863449803202
313,30070,30070,Potomac and Rappahannock Transportation Commission,OmniRide,Woodbridge,VA,-77.29630813,38.63038879,Yes - Agency fetch URL available and in compliance with GTFS standards.,Public Domain,-77.2963081297164,38.6303887897654
314,30071,30071,City of Alexandria,DASH,Alexandria,VA,-77.04289,38.80542698,Yes - Agency fetch URL available and in compliance with GTFS standards.,Public Domain,-77.042889999621,38.8054269801975
315,30072,30072,"Frederick County, Maryland",TransIt Services of Frederick,Frederick,MD,-77.40974403,39.41495601,Yes - Agency fetch URL available and in compliance with GTFS standards.,Public Domain,-77.409744030384,39.4149560097309
316,30073,30073,Virginia Railway Express,Virginia Railway Express (VRE),Woodbridge,VA,-77.056177,38.80597298,Yes - Agency fetch URL available and in compliance with GTFS standards.,Public Domain,-77.0561769998531,38.8059729796552
317,30074,30074,Harford County Maryland,Harford Transit LINK (HTL),Bel Air,MD,-76.34734903,39.53405899,Yes - Agency fetch URL available and in compliance with GTFS standards.,Public Domain,-76.3473490296772,39.5340589900432
318,30075,30075,Delaware Transit Corporation,Dart First State,Dover,DE,-75.504663,39.14828002,Yes - Agency fetch URL available and in compliance with GTFS standards.,Public Domain,-75.5046630002001,39.1482800197357
319,30076,30076,Williamsburg Area Transit Authority,Williamsburg Area Transit Authority (WATA),Williamsburg,VA,-76.67179599,37.25666602,Yes - Agency fetch URL available and in compliance with GTFS standards.,Public Domain,-76.6717959898872,37.2566660197563
320,30077,30077,Borough of Pottstown,Pottstown Area Rapid Transit (PART),Pottstown,PA,-75.65227301,40.245641,Yes - Agency fetch URL available and in compliance with GTFS standards.,Public Domain,-75.6522730097582,40.245641000277
321,30079,30079,City of Fredericksburg,Fredericksburg Regional Transit (FRED),Fredericksburg,VA,-77.45888604,38.30124101,Yes - Agency fetch URL available and in compliance with GTFS standards.,Public Domain,-77.4588860401167,38.3012410100144
322,30080,30080,"Arlington County, Virginia",Arlington Transit (ART),Arlington,VA,-77.08579403,38.89031198,Yes - Agency fetch URL available and in compliance with GTFS standards.,Public Domain,-77.0857940298673,38.8903119799971
323,30081,30081,Loudoun County,Loudoun County Transit,Leesburg,VA,-77.56205704,39.11383002,Yes - Agency fetch URL available and in compliance with GTFS standards.,Public Domain,-77.5620570402548,39.1138300200175
324,30083,30083,Transportation District Commission of Hampton Roads,Hampton Roads Transit (HRT),Hampton,VA,-76.36464601,37.01360701,Yes - Agency fetch URL available and in compliance with GTFS standards.,Public Domain,-76.3646460096246,37.0136070098866
325,30085,30085,"Prince George's County, Maryland",TheBus,Upper Marlboro,MD,-76.84213563,38.90921523,Yes - Agency fetch URL available and in compliance with GTFS standards.,Public Domain,-76.8421356300066,38.9092152302214
326,30087,30087,County of Fayette,Fayette Area Coordinated Transportation (FACT),Uniontown,PA,-79.72319421,39.90143171,Yes - Agency fetch URL available and in compliance with GTFS standards.,Public Domain,-79.7231942102654,39.9014317098811
327,30088,30088,"County Commissioners of Charles County, MD",PGM VanGO,La Plata,MD,-76.980733,38.53094199,Yes - Agency fetch URL available and in compliance with GTFS standards.,Public Domain,-76.9807330004226,38.5309419903333
328,30089,30089,Monongalia County Urban Mass Transit Authority,Mountain Line Transit Authority (MLTA),Morgantown,WV,-79.97687597,39.63165498,Yes - Agency fetch URL available and in compliance with GTFS standards.,Public Domain,-79.9768759698455,39.6316549802323
329,30090,30090,Eastern Panhandle Transit Authority,Eastern Panhandle Transit Authority (EPTA),Martinsburg,WV,-77.99588197,39.393958,Yes - Agency fetch URL available and in compliance with GTFS standards.,Public Domain,-77.9958819702455,39.3939580002073
330,30091,30091,Town of Blacksburg,Blacksburg Transit (BT),Blacksburg,VA,-80.41233604,37.22738502,Yes - Agency fetch URL available and in compliance with GTFS standards.,Public Domain,-80.4123360402659,37.2273850200528
331,30092,30092,"The County Commissioners of Carroll County, Maryland",Carroll Transit System (CTS),Westminster,MD,-76.98739099,39.57291,Yes - Agency fetch URL available and in compliance with GTFS standards.,Public Domain,-76.987390989915,39.572909999741
332,30093,30093,City of Hazleton,Hazleton Public Transit (HPT),Hazleton,PA,-75.9762345,40.95392267,Yes - Agency fetch URL available and in compliance with GTFS standards.,Public Domain,-75.9762344997274,40.9539226702064
333,30094,30094,City of Harrisonburg,Harrisonburg Transit,Harrisonburg,VA,-78.87033701,38.445635,Yes - Agency fetch URL available and in compliance with GTFS standards.,Public Domain,-78.8703370095771,38.4456350002037
334,30095,30095,County of Lebanon Transit Authority,Lebanon Transit (LT),Lebanon,PA,-76.41462596,40.341276,Yes - Agency fetch URL available and in compliance with GTFS standards.,Public Domain,-76.4146259597695,40.3412759999027
335,30096,30096,The Tri-County Council for the Lower Eastern Shore of Maryland,Shore Transit,Salisbury,MD,-75.50668798,38.37598998,Yes - Agency fetch URL available and in compliance with GTFS standards.,Public Domain,-75.5066879798186,38.3759899796578
336,30099,30099,City of Winchester,WinTran,Winchester,VA,-78.16438898,39.18409098,Yes - Agency fetch URL available and in compliance with GTFS standards.,Public Domain,-78.1643889798117,39.1840909802227
337,30107,30107,West Virginia University,Morgantown Personal Rapid Transit,Morgantown,WV,-79.95530296,39.65707101,Yes - Agency fetch URL available and in compliance with GTFS standards.,Public Domain,-79.9553029597384,39.6570710099844
338,30108,30108,Cecil County Government,Cecil Transit,Elkton,MD,-75.78560704,39.59793098,Yes - Agency fetch URL available and in compliance with GTFS standards.,Public Domain,-75.7856070404318,39.597930980058
339,30109,30109,St. Mary's County Government,St. Mary's Transit System,California,MD,-76.53978109,38.29339984,Yes - Agency fetch URL available and in compliance with GTFS standards.,Public Domain,-76.5397810902926,38.2933998401785
340,30111,30111,Washington County Transportation Authority,Freedom Transit,Washington,PA,-80.24493904,40.17242,Yes - Agency fetch URL available and in compliance with GTFS standards.,Public Domain,-80.2449390402688,40.17242000033
341,30112,,District Department of Transportation,DC Streetcar,Washington,DC,-77.03251723,38.9175771,No - Agency data not available due to processing or GTFS standard compliance errors.,Public Domain,-77.0325172302904,38.9175771001062
342,30114,30114,Accomack-Northhampton Transportation District Comm,STAR Transit,Tasley,VA,-75.71003798,37.70259098,Yes - Agency fetch URL available and in compliance with GTFS standards.,Public Domain,-75.7100379802425,37.7025909802552
343,30115,30115,"New River Valley Senior Services, Inc.",Pulaski Area Transit (PAT),Radford,VA,-80.77626101,37.04822301,Yes - Agency fetch URL available and in compliance with GTFS standards.,Public Domain,-80.7762610098405,37.0482230100867
344,30116,30116,Borough of Mt. Carmel,Lower Anthracite Transit Systems (LATS),Mount Carmel,PA,-76.41512699,40.79550233,Yes - Agency fetch URL available and in compliance with GTFS standards.,Public Domain,-76.4151269897293,40.7955023300466
345,30118,30118,Virginia Regional Transit,Virginia Regional Transit (VRT),Purcellville,VA,-77.71879603,39.143201,Yes - Agency fetch URL available and in compliance with GTFS standards.,Public Domain,-77.7187960297674,39.1432010001188
346,30119,30119,Central West Virginia Transit Authority,Central West Virginia Transit Authority (CENTRA),Clarksburg,WV,-80.33936976,39.28237895,Yes - Agency fetch URL available and in compliance with GTFS standards.,Public Domain,-80.3393697596791,39.2823789499976
347,30121,30121,City of Bluefield,Bluefield Area Transit (BAT),Bluefield,WV,-81.22679501,37.26791399,Yes - Agency fetch URL available and in compliance with GTFS standards.,Public Domain,-81.2267950101544,37.2679139902493
348,30122,30122,Randolph County Senior Center,Country Roads Transit (CRT),Elkins,WV,-79.85040998,38.92777,Yes - Agency fetch URL available and in compliance with GTFS standards.,Public Domain,-79.8504099799305,38.9277700002632
349,30123,30123,District Three Governmental Cooperative,Mountain Lynx Transit,Marion,VA,-81.47044897,36.856002,Yes - Agency fetch URL available and in compliance with GTFS standards.,Public Domain,-81.4704489696426,36.8560019999115
350,30124,30124,Warren County Transit Authority,Transit Authority of Warren County (TAWC),Warren,PA,-79.14559804,41.84194998,Yes - Agency fetch URL available and in compliance with GTFS standards.,Public Domain,-79.1455980396235,41.8419499801477
351,30127,30127,Schuylkill Transportation System,Schuylkill Transportation System (STS),Pottsville,PA,-76.19901399,40.68754499,Yes - Agency fetch URL available and in compliance with GTFS standards.,Public Domain,-76.1990139898533,40.6875449902553
352,30129,30129,Anne Arundel County,Anne Arundel Transit,Annapolis,MD,-76.56161001,38.97565099,Yes - Agency fetch URL available and in compliance with GTFS standards.,Public Domain,-76.5616100097629,38.9756509899197
353,30130,30130,Baltimore County Department of Public Works Transportation,Towson Loop,Towson,MD,-76.60655201,39.40034899,Yes - Agency fetch URL available and in compliance with GTFS standards.,Public Domain,-76.606552010165,39.4003489898475
354,30131,30131,"Board of County Commissioners of Calvert County, Maryland",Calvert County Public Transportation (CCPT),Prince Frederick,MD,-76.58316097,38.53832699,Yes - Agency fetch URL available and in compliance with GTFS standards.,Public Domain,-76.583160969823,38.5383269899407
355,30135,30135,Potomac Valley Transit Authority,Potomac Valley Transit Authority (PVTA),Petersburg,WV,-79.14240998,38.99093799,Yes - Agency fetch URL available and in compliance with GTFS standards.,Public Domain,-79.1424099797656,38.9909379898895
356,30137,30137,Monroe County Transportation Authority,Pocono Pony,Swiftwater,PA,-75.323661,41.07785301,Yes - Agency fetch URL available and in compliance with GTFS standards.,Public Domain,-75.3236609999537,41.0778530103205
357,30138,30138,Barbour Co. Senior Center,Here and There Transit (HAT),Philippi,WV,-80.03994903,39.152642,Yes - Agency fetch URL available and in compliance with GTFS standards.,Public Domain,-80.0399490296481,39.1526419998119
358,30140,30140,Mountain Transit Authority,Mountain Transit Authority (MTA),Summersville,WV,-80.84518003,38.27177899,Yes - Agency fetch URL available and in compliance with GTFS standards.,Public Domain,-80.8451800297293,38.2717789898147
359,30141,30141,Butler Transit Authority,The Bus,Butler,PA,-79.90912597,40.85268198,Yes - Agency fetch URL available and in compliance with GTFS standards.,Public Domain,-79.9091259698567,40.8526819803108
360,30147,30147,Town of Chincoteague,Pony Express,Panacea,FL,-75.36019008,37.93676377,Yes - Agency fetch URL available and in compliance with GTFS standards.,Public Domain,-75.3601900800907,37.9367637701448
361,30149,30149,Fairmont Marion County Transit Authority,Fairmont-Marion County Transit Authority (FMCTA),Fairmont,WV,-80.14007799,39.48620202,Yes - Agency fetch URL available and in compliance with GTFS standards.,Public Domain,-80.1400779901794,39.4862020198702
362,30151,30151,New Castle Area Transit Authority,New Castle Area Transit Authority (NCATA),New Castle,PA,-80.35659797,40.98268199,Yes - Agency fetch URL available and in compliance with GTFS standards.,Public Domain,-80.3565979699982,40.9826819899348
363,30155,30155,Mayor and City Council Town of Ocean City,Ocean City Transportation (OCT),Ocean City,MD,-75.08480199,38.33499602,Yes - Agency fetch URL available and in compliance with GTFS standards.,Public Domain,-75.0848019896355,38.3349960197907
364,30157,30157,Town of Altavista,Altavista Community Transit System (ACTS),Altavista,VA,-79.29021898,37.110096,Yes - Agency fetch URL available and in compliance with GTFS standards.,Public Domain,-79.2902189796339,37.1100960001541
365,30164,30164,Town of Bluefield,Graham Transit,Bluefield,VA,-81.26338998,37.23418999,Yes - Agency fetch URL available and in compliance with GTFS standards.,Public Domain,-81.2633899799209,37.2341899898008
366,30165,30165,Town of Farmville,Farmville Area Bus (FAB),Farmville,VA,-78.38069104,37.30298002,Yes - Agency fetch URL available and in compliance with GTFS standards.,Public Domain,-78.3806910400207,37.3029800201585
367,30170,30170,Endless Mountains Transportation Authority,BeST Transit,Mansfield,PA,-76.52451103,41.92810799,Yes - Agency fetch URL available and in compliance with GTFS standards.,Public Domain,-76.5245110303248,41.9281079901737
368,30172,30172,Bay Aging,Bay Transit,Urbanna,VA,-76.58498898,37.63657901,Yes - Agency fetch URL available and in compliance with GTFS standards.,Public Domain,-76.5849889803408,37.6365790101391
369,30174,30174,Appalachian Agency for Senior Citizens,Four County Transit,Cedar Bluff,VA,-81.79073599,37.00840599,Yes - Agency fetch URL available and in compliance with GTFS standards.,Public Domain,-81.7907359898754,37.0084059897915
370,30177,30177,Indiana County Transit Authority,IndiGO,Indiana,PA,-79.17165201,40.61159699,Yes - Agency fetch URL available and in compliance with GTFS standards.,Public Domain,-79.1716520098612,40.6115969898567
371,30178,30178,"Unified Human Services Transportation Systems, Inc",RADAR,Roanoke,VA,-79.98344897,37.28219101,Yes - Agency fetch URL available and in compliance with GTFS standards.,Public Domain,-79.9834489697289,37.2821910101752
372,30183,30183,Tri River Transit,Tri River Transit (TRT),West Hamlin,WV,-82.07796898,38.286592,Yes - Agency fetch URL available and in compliance with GTFS standards.,Public Domain,-82.0779689800027,38.2865920000191
373,30184,30184,Town of Blackstone,Blackstone Area Bus Service (BABS),Blackstone,VA,-77.998835,37.09245402,Yes - Agency fetch URL available and in compliance with GTFS standards.,Public Domain,-77.9988350002824,37.0924540196919
374,30185,30185,Crawford Area Transportation Authority,Crawford Area Transportation Authority (CATA),Meadville,PA,-80.15585098,41.63589401,Yes - Agency fetch URL available and in compliance with GTFS standards.,Public Domain,-80.1558509800439,41.6358940100326
375,30190,30190,"Preston County Sr. Cit, Inc.",Buckwheat Express,Kingwood,WV,-79.67083802,39.46961402,Yes - Agency fetch URL available and in compliance with GTFS standards.,Public Domain,-79.6708380203613,39.4696140201021
376,30192,30192,Queen Anne's County,County Ride,Centreville,MD,-76.06620902,39.045509,Yes - Agency fetch URL available and in compliance with GTFS standards.,Public Domain,-76.0662090201697,39.0455090002829
377,30194,30194,Mid-County Transit Authority,Town and Country Transit (TACT),Kittanning,PA,-79.51857102,40.81733902,Yes - Agency fetch URL available and in compliance with GTFS standards.,Public Domain,-79.5185710204028,40.8173390198459
378,30196,30196,Area Transportation Authority of North Central PA,Area Transportation Authority (ATA),Johnsonburg,PA,-78.66939722,41.47870635,Yes - Agency fetch URL available and in compliance with GTFS standards.,Public Domain,-78.6693972196032,41.4787063498922
379,30198,30198,City of Suffolk,Suffolk Transit,Suffolk,VA,-76.583185,36.73023,Yes - Agency fetch URL available and in compliance with GTFS standards.,Public Domain,-76.5831849997569,36.7302300000434
380,30199,30199,New River Transit Authority,New River Transit (NRT),Beckley,WV,-81.19164821,37.77737477,Yes - Agency fetch URL available and in compliance with GTFS standards.,Public Domain,-81.1916482099658,37.7773747703407
381,30200,30200,City of Radford,Radford Transit,Radford,VA,-80.58229899,37.13133302,Yes - Agency fetch URL available and in compliance with GTFS standards.,Public Domain,-80.5822989898372,37.1313330202953
382,30201,30201,City of Baltimore,Charm City Circulator (CCC),Baltimore,MD,-76.61029405,39.2905573,Yes - Agency fetch URL available and in compliance with GTFS standards.,Public Domain,-76.6102940502789,39.2905572997572
383,30202,30202,South Central Transit Authority,"Red Rose Transit Authority, Berks Area Regional Transportation Authority",Lancaster,PA,-76.31898098,40.06422699,Yes - Agency fetch URL available and in compliance with GTFS standards.,Public Domain,-76.3189809804031,40.064226989674
384,30203,30203,York County,Yorktown Trolley,Yorktown,VA,-76.46586376,37.18380605,Yes - Agency fetch URL available and in compliance with GTFS standards.,Public Domain,-76.4658637597212,37.1838060503206
385,30205,30205,"Transit Management of Central Maryland, Inc.",Regional Transportation Agency (RTA),Ellicott City,MD,-76.80395899,39.12897599,Yes - Agency fetch URL available and in compliance with GTFS standards.,Public Domain,-76.8039589902312,39.1289759900031
386,30206,30206,Susquehanna Regional Transportation Authority,rabbittransit,Harrisburg,PA,-76.79365746,39.94481903,Yes - Agency fetch URL available and in compliance with GTFS standards.,Public Domain,-76.7936574599975,39.9448190297857
387,30207,30207,River Valley Transit Authority,River Valley Transit,Williamsport,PA,-77.03822003,41.23778198,Yes - Agency fetch URL available and in compliance with GTFS standards.,Public Domain,-77.0382200303614,41.2377819803045
388,30208,30208,"University of Maryland, College Park",Shuttle-UM,College Park,MD,-76.93982463,38.98551881,Yes - Agency fetch URL available and in compliance with GTFS standards.,Public Domain,-76.9398246296823,38.9855188100855
389,30209,30209,City of Weirton,Weirton Transit,Weirton,WV,-80.58850245,40.40193018,Yes - Agency fetch URL available and in compliance with GTFS standards.,Public Domain,-80.5885024497621,40.4019301797293
390,30571,30571,Delmarva Community Services Inc.,Delmarva Community Transit (DCT),Cambridge,MD,-76.09390769,38.54696126,Yes - Agency fetch URL available and in compliance with GTFS standards.,Public Domain,-76.0939076898099,38.546961260266
391,30989,30989,Central Shenandoah Planning District Commission,BRITE Bus,Staunton,VA,-79.05696427,38.16848872,Yes - Agency fetch URL available and in compliance with GTFS standards.,Public Domain,-79.0569642700142,38.1684887200952
392,31025,31025,County of Greensville,Greensville Emporia Transit (GET),Emporia,VA,-77.51497203,36.73663699,Yes - Agency fetch URL available and in compliance with GTFS standards.,Public Domain,-77.5149720296906,36.7366369900831
393,40001,40001,Chattanooga Area Regional Transportation Authority,Chattanooga Area Regional Transportation Authority (CARTA),Chattanooga,TN,-85.26933,35.05606599,Yes - Agency fetch URL available and in compliance with GTFS standards.,Public Domain,-85.2693300001473,35.0560659899908
394,40002,40002,City of Knoxville,Knoxville Area Transit (KAT),Knoxville,TN,-83.91744603,35.96079399,Yes - Agency fetch URL available and in compliance with GTFS standards.,Public Domain,-83.917446029716,35.9607939902873
395,40003,40003,City of Memphis,Memphis Area Transit Authority (MATA),Memphis,TN,-90.010951,35.17751398,Yes - Agency fetch URL available and in compliance with GTFS standards.,Public Domain,-90.010950999656,35.1775139799516
396,40004,40004,Metropolitan Transit Authority,WeGo Public Transit,Madison,TN,-86.69224096,36.27382798,Yes - Agency fetch URL available and in compliance with GTFS standards.,Public Domain,-86.6922409600452,36.2738279797864
397,40005,40005,City of Asheville,Asheville Rides Transit (ART),Asheville,NC,-82.54842182,35.5954353,Yes - Agency fetch URL available and in compliance with GTFS standards.,Public Domain,-82.5484218200831,35.5954353002325
398,40006,40006,Cape Fear Public Transportation Authority,Wave Transit,Wilmington,NC,-77.87480462,34.25105523,Yes - Agency fetch URL available and in compliance with GTFS standards.,Public Domain,-77.8748046197838,34.2510552299052
399,40007,40007,City of Raleigh,GoRaleigh,Raleigh,NC,-78.64301108,35.77876454,Yes - Agency fetch URL available and in compliance with GTFS standards.,Public Domain,-78.6430110802212,35.7787645399539
400,40008,40008,City of Charlotte North Carolina,Charlotte Area Transit System (CATS),Charlotte,NC,-80.83958293,35.22124904,Yes - Agency fetch URL available and in compliance with GTFS standards.,Public Domain,-80.8395829299262,35.2212490403215
401,40009,40009,City of Fayetteville,Fayetteville Area System of Transit (FAST),Fayetteville,NC,-78.88438365,35.05414247,Yes - Agency fetch URL available and in compliance with GTFS standards.,Public Domain,-78.8843836503662,35.0541424696724
402,40011,40011,City of High Point,High Point Transit System (HPTS),High Point,NC,-80.00204079,35.95510163,Yes - Agency fetch URL available and in compliance with GTFS standards.,Public Domain,-80.0020407903099,35.9551016297188
403,40012,40012,City of Winston Salem,Winston-Salem Transit Authority (WSTA),Winston Salem,NC,-80.24705077,36.10768965,Yes - Agency fetch URL available and in compliance with GTFS standards.,Public Domain,-80.2470507701943,36.1076896500561
404,40014,40014,Ms Coast Transportation Authority,Coast Transit Authority (CTA),Gulfport,MS,-89.00203598,30.40317598,Yes - Agency fetch URL available and in compliance with GTFS standards.,Public Domain,-89.0020359803754,30.4031759801265
405,40015,40015,"City of Jackson, MS",JTRAN,Jackson,MS,-90.18175197,32.29797401,Yes - Agency fetch URL available and in compliance with GTFS standards.,Public Domain,-90.1817519695895,32.2979740097273
406,40016,40016,City of Ashland,Ashland Bus System (ABS),Ashland,KY,-82.637242,38.47854801,Yes - Agency fetch URL available and in compliance with GTFS standards.,Public Domain,-82.6372419999953,38.4785480101335
407,40017,40017,Lexington Transit Authority,Lextran,Lexington,KY,-84.48620401,38.060851,Yes - Agency fetch URL available and in compliance with GTFS standards.,Public Domain,-84.4862040095524,38.0608509998244
408,40018,40018,Transit Authority of River City,Transit Authority of River City (TARC),Louisville,KY,-85.76951001,38.244535,Yes - Agency fetch URL available and in compliance with GTFS standards.,Public Domain,-85.769510009984,38.2445349996878
409,40019,40019,Transit Authority of Northern Kentucky,Transit Authority of Northern Kentucky (TANK),Covington,KY,-84.52863798,39.03687099,Yes - Agency fetch URL available and in compliance with GTFS standards.,Public Domain,-84.5286379801566,39.0368709900712
410,40020,40020,City of Owensboro,Owensboro Transit Systems (OTS),Owensboro,KY,-87.11104738,37.772064,Yes - Agency fetch URL available and in compliance with GTFS standards.,Public Domain,-87.1110473799072,37.7720639999879
411,40021,40021,City of Albany,Albany Transit System (ATS),Albany,GA,-84.15643102,31.57881301,Yes - Agency fetch URL available and in compliance with GTFS standards.,Public Domain,-84.1564310197696,31.5788130097172
412,40022,40022,Metropolitan Atlanta Rapid Transit Authority,Metropolitan Atlanta Rapid Transit Authority (MARTA),Atlanta,GA,-84.368896,33.82181499,Yes - Agency fetch URL available and in compliance with GTFS standards.,Public Domain,-84.3688959999043,33.8218149901316
413,40023,40023,Augusta Richmond County Transit Department,Augusta Transit (AT),Augusta,GA,-81.98793502,33.47635699,Yes - Agency fetch URL available and in compliance with GTFS standards.,Public Domain,-81.9879350198347,33.4763569897627
414,40024,40024,Columbus Consolidated Government,METRA ,Columbus,GA,-84.99108199,32.463851,Yes - Agency fetch URL available and in compliance with GTFS standards.,Public Domain,-84.9910819900345,32.4638510003374
415,40025,40025,Chatham Area Transit Authority,Chatham Area Transit (CAT),Savannah,GA,-81.081284,32.064012,Yes - Agency fetch URL available and in compliance with GTFS standards.,Public Domain,-81.0812839995976,32.0640120003355
416,40026,40026,Manatee County Board of County Commissioners,Manatee County Area Transit (MCAT),Sarasota,FL,-82.53554001,27.405342,Yes - Agency fetch URL available and in compliance with GTFS standards.,Public Domain,-82.5355400103498,27.4053419996221
417,40027,40027,Pinellas Suncoast Transit Authority,Pinellas Suncoast Transit Authority (PSTA),Saint Petersburg,FL,-82.67761503,27.88704499,Yes - Agency fetch URL available and in compliance with GTFS standards.,Public Domain,-82.6776150296236,27.8870449901524
418,40028,40028,Lee County,LeeTran,Fort Myers,FL,-81.86992302,26.64204617,Yes - Agency fetch URL available and in compliance with GTFS standards.,Public Domain,-81.8699230202614,26.6420461701694
419,40029,40029,Broward County Board of County Commissioners,Broward County Transit (BCT),Fort Lauderdale,FL,-80.14397902,26.12098801,Yes - Agency fetch URL available and in compliance with GTFS standards.,Public Domain,-80.1439790204204,26.1209880096112
420,40030,40030,"City of Gainesville, FL",Regional Transit System (RTS),Gainesville,FL,-82.32315901,29.65278199,Yes - Agency fetch URL available and in compliance with GTFS standards.,Public Domain,-82.3231590101177,29.6527819898307
421,40031,40031,Lakeland Area Mass Transit District,Citrus Connection,Lakeland,FL,-81.97430001,28.04285699,Yes - Agency fetch URL available and in compliance with GTFS standards.,Public Domain,-81.9743000095667,28.042856990352
422,40032,40032,County of Volusia,VOTRAN,Deland,FL,-81.020726,29.16800402,Yes - Agency fetch URL available and in compliance with GTFS standards.,Public Domain,-81.0207259998083,29.1680040197772
423,40034,40034,County of Miami-Dade,Miami-Dade Transit,Miami,FL,-80.19663799,25.77597001,Yes - Agency fetch URL available and in compliance with GTFS standards.,Public Domain,-80.196637990186,25.7759700097401
424,40035,40035,Central Florida Regional Transportation Authority,LYNX,Orlando,FL,-81.38132797,28.548524,Yes - Agency fetch URL available and in compliance with GTFS standards.,Public Domain,-81.3813279699929,28.5485240001487
425,40036,40036,City of Tallahassee,StarMetro,Tallahassee,FL,-84.28267396,30.43955202,Yes - Agency fetch URL available and in compliance with GTFS standards.,Public Domain,-84.2826739597961,30.4395520202163
426,40037,40037,"Board of County Commissioners, Palm Beach County",Palm Tran,West Palm Beach,FL,-80.05221503,26.71560902,Yes - Agency fetch URL available and in compliance with GTFS standards.,Public Domain,-80.052215029881,26.7156090197545
427,40038,40038,"Escambia County Board of County Commissioners, FL",Escambia County Area Transit (ECAT),Pensacola,FL,-87.21543902,30.40971999,Yes - Agency fetch URL available and in compliance with GTFS standards.,Public Domain,-87.2154390198365,30.4097199902544
428,40040,40040,Jacksonville Transportation Authority,Jacksonville Transportation Authority (JTA),Jacksonville,FL,-81.67905199,30.33209501,Yes - Agency fetch URL available and in compliance with GTFS standards.,Public Domain,-81.679051989963,30.3320950097514
429,40041,40041,Hillsborough Area Regional Transit Authority,Hillsborough Area Regional Transit (HART),Tampa,FL,-82.44655087,27.96022269,Yes - Agency fetch URL available and in compliance with GTFS standards.,Public Domain,-82.446550869909,27.9602226900537
430,40042,40042,Birmingham-Jefferson County Transit Authority,MAX Transit,Birmingham,AL,-86.80876098,33.51188301,Yes - Agency fetch URL available and in compliance with GTFS standards.,Public Domain,-86.8087609801024,33.5118830101171
431,40043,40043,City of Mobile,The Wave,Mobile,AL,-88.04245199,30.68900299,Yes - Agency fetch URL available and in compliance with GTFS standards.,Public Domain,-88.042451989838,30.6890029903757
432,40044,40044,City of Montgomery,The M Transit,Montgomery,AL,-86.308112,32.37929901,Yes - Agency fetch URL available and in compliance with GTFS standards.,Public Domain,-86.3081120002801,32.3792990098688
433,40045,40045,Tuscaloosa County Parking and Transit Authority,Tuscaloosa Transit Authority (TTA),Tuscaloosa,AL,-87.50557801,33.17870701,Yes - Agency fetch URL available and in compliance with GTFS standards.,Public Domain,-87.5055780096023,33.1787070100162
434,40046,40046,Sarasota County,Breeze Transit,Sarasota,FL,-82.53692763,27.33441744,Yes - Agency fetch URL available and in compliance with GTFS standards.,Public Domain,-82.5369276298844,27.3344174399294
435,40047,40047,Athens-Clarke County Unified Government,Athens-Clarke County Transit Department (ACCTD),Athens,GA,-83.40032703,33.96603502,Yes - Agency fetch URL available and in compliance with GTFS standards.,Public Domain,-83.4003270302507,33.9660350197126
436,40049,40049,City of Gadsden,Gadsden Transportation Services (GTS),Gadsden,AL,-86.00043597,34.00956602,Yes - Agency fetch URL available and in compliance with GTFS standards.,Public Domain,-86.0004359701803,34.0095660197096
437,40051,40051,Town of Chapel Hill,Chapel Hill Transit,Chapel Hill,NC,-79.05720945,35.91647585,Yes - Agency fetch URL available and in compliance with GTFS standards.,Public Domain,-79.0572094498996,35.916475850356
438,40053,40053,Greenville Transit Authority,Greenlink,Greenville,SC,-82.40060302,34.85052898,Yes - Agency fetch URL available and in compliance with GTFS standards.,Public Domain,-82.400603019595,34.8505289798488
439,40054,40054,City of Johnson City,Johnson City Transit (JCT),Johnson City,TN,-82.34254551,36.32109928,Yes - Agency fetch URL available and in compliance with GTFS standards.,Public Domain,-82.3425455100435,36.3210992803234
440,40055,40055,City of Bristol Tennessee,Bristol Tennessee Transit System (BTTS),Bristol,TN,-82.1865895,36.59228541,Yes - Agency fetch URL available and in compliance with GTFS standards.,Public Domain,-82.1865895002174,36.5922854100322
441,40056,40056,Pee Dee Regional Transportation Authority,Pee Dee Regional Transportation Authority (PDRTA),Florence,SC,-79.71578999,34.19416398,Yes - Agency fetch URL available and in compliance with GTFS standards.,Public Domain,-79.7157899902665,34.1941639800603
442,40057,40057,Jackson Transit Authority,Jackson Transit Authority (JTA),Jackson,TN,-88.82040802,35.60804101,Yes - Agency fetch URL available and in compliance with GTFS standards.,Public Domain,-88.8204080196659,35.6080410098144
443,40058,40058,City of Rome,Rome Transit Department (RTD),Rome,GA,-85.16881304,34.25678899,Yes - Agency fetch URL available and in compliance with GTFS standards.,Public Domain,-85.1688130401768,34.256788989677
444,40060,40060,City of Hattiesburg,Hub City Transit (HCT),Hattiesburg,MS,-89.29103403,31.325552,Yes - Agency fetch URL available and in compliance with GTFS standards.,Public Domain,-89.2910340297802,31.3255519996354
445,40063,40063,Brevard Board of County Commissioners,Space Coast Area Transit (SCAT),Titusville,FL,-80.80970698,28.609155,Yes - Agency fetch URL available and in compliance with GTFS standards.,Public Domain,-80.8097069802943,28.6091550002519
446,40064,40064,East Alabama Regional Planning and Development Commission,Areawide Community Transportation System,Anniston,AL,-85.827205,33.65957902,Yes - Agency fetch URL available and in compliance with GTFS standards.,Public Domain,-85.827204999911,33.659579019784
447,40071,40071,"City of Huntsville, Alabama",Huntsville Transit,Huntsville,AL,-86.58650099,34.72866902,Yes - Agency fetch URL available and in compliance with GTFS standards.,Public Domain,-86.5865009901969,34.7286690201466
448,40073,40073,Lee-Russell Council of Governments,"Lee-Russell Public Transit, Phenix City Express",Opelika,AL,-85.40373398,32.62548598,Yes - Agency fetch URL available and in compliance with GTFS standards.,Public Domain,-85.4037339800198,32.6254859796298
449,40074,40074,Pasco County Board of County Commissioners,GoPasco,New Port Richey,FL,-82.66999596,28.26813702,Yes - Agency fetch URL available and in compliance with GTFS standards.,Public Domain,-82.6699959595582,28.268137020268
450,40077,40077,South Florida Regional Transportation Authority,Tri-Rail,Pompano Beach,FL,-80.13419499,26.27179102,Yes - Agency fetch URL available and in compliance with GTFS standards.,Public Domain,-80.134194989859,26.2717910196927
451,40078,40078,Cobb County,CobbLinc,Marietta,GA,-84.54851801,33.953499,Yes - Agency fetch URL available and in compliance with GTFS standards.,Public Domain,-84.5485180100079,33.9534989999743
452,40080,40080,City of Kingsport,Kingsport Area Transit Service (KATS),Kingsport,TN,-82.55851799,36.54821101,Yes - Agency fetch URL available and in compliance with GTFS standards.,Public Domain,-82.5585179900529,36.5482110103414
453,40081,40081,City of Anderson,Electric City Transit (ECT),Anderson,SC,-82.64928503,34.501242,Yes - Agency fetch URL available and in compliance with GTFS standards.,Public Domain,-82.6492850302899,34.5012419998497
454,40082,40082,County of Douglas,Connect Douglas,Douglasville,GA,-84.730626,33.74339202,Yes - Agency fetch URL available and in compliance with GTFS standards.,Public Domain,-84.7306259998625,33.7433920203245
455,40086,40086;40094,Metropolitan Bus Authority,Metropolitan Bus Authority (MBA),San Juan,PR,-66.08059698,18.38831202,Yes - Agency fetch URL available and in compliance with GTFS standards.,Public Domain,-66.0805969797383,18.388312020107
456,40087,40087,City of Durham,GoDurham,Durham,NC,-78.89890388,35.9964382,Yes - Agency fetch URL available and in compliance with GTFS standards.,Public Domain,-78.8989038802781,35.9964381998236
457,40092,40092,City of Clarksville,Clarksville Transit System (CTS),Clarksville,TN,-87.33518297,36.516111,Yes - Agency fetch URL available and in compliance with GTFS standards.,Public Domain,-87.3351829703793,36.5161109998935
458,40093,40093,City of Greensboro,Greensboro Transit Agency (GTA),Greensboro,NC,-79.79263721,36.07115424,Yes - Agency fetch URL available and in compliance with GTFS standards.,Public Domain,-79.792637210273,36.0711542401735
459,40094,40086;40094,Alternativa de Transporte Integrado,Autoridad de Transporte Integrado,San Juan,PR,-66.085772,18.413543,Yes - Agency fetch URL available and in compliance with GTFS standards.,Public Domain,-66.085771999817,18.4135430003824
460,40095,40095,City of Greenville,Greenville Area Transit (GREAT),Greenville,NC,-77.37438665,35.61156275,Yes - Agency fetch URL available and in compliance with GTFS standards.,Public Domain,-77.3743866498216,35.6115627502079
461,40096,40096,City of Rocky Mount,Tar River Transit (TRT),Rocky Mount,NC,-77.79904261,35.93997527,Yes - Agency fetch URL available and in compliance with GTFS standards.,Public Domain,-77.7990426095563,35.9399752697402
462,40100,40100,Santee Wateree Regional Transportation Authority,Santee Wateree RTA (SWRTA),Sumter,SC,-80.34017297,33.91680002,Yes - Agency fetch URL available and in compliance with GTFS standards.,Public Domain,-80.3401729703241,33.9168000197621
463,40101,40101,City of Spartanburg South Carolina,Spartanburg Area Regional Transit Agency (SPARTA),Spartanburg,SC,-81.93257104,34.94806198,Yes - Agency fetch URL available and in compliance with GTFS standards.,Public Domain,-81.9325710403907,34.9480619799034
464,40102,40102,Waccamaw Regional Transportation Authority,Coast RTA,Conway,SC,-79.05311204,33.83212201,Yes - Agency fetch URL available and in compliance with GTFS standards.,Public Domain,-79.0531120398526,33.8321220099465
465,40104,40104,Indian River County,GoLine,Vero Beach,FL,-80.40292601,27.647212,Yes - Agency fetch URL available and in compliance with GTFS standards.,Public Domain,-80.4029260097983,27.6472119997117
466,40108,40108,Research Triangle Regional Public Transportation Authority,GoTriangle,Durham,NC,-78.8383774,35.87605773,Yes - Agency fetch URL available and in compliance with GTFS standards.,Public Domain,-78.8383773996773,35.8760577302833
467,40110,40110,Charleston Area Regional Transportation Authority,Charleston Area Regional Transportation Authority (CARTA),North Charleston,SC,-80.02213984,32.89771381,Yes - Agency fetch URL available and in compliance with GTFS standards.,Public Domain,-80.0221398402072,32.8977138097029
468,40112,40112,City of San Juan,Municipio de San Juan (MSJ),San Juan,PR,-66.06585187,18.42425986,Yes - Agency fetch URL available and in compliance with GTFS standards.,Public Domain,-66.0658518700697,18.4242598601678
469,40114,40114,Municipality of Aguada,Municipality of Aguada,Aguada,PR,-67.18815904,18.37996699,Yes - Agency fetch URL available and in compliance with GTFS standards.,Public Domain,-67.188159040267,18.379966989855
470,40115,40115,Municipality of Caguas,Municipality of Caguas (MAC),Caguas,PR,-66.0369994,18.2329928,Yes - Agency fetch URL available and in compliance with GTFS standards.,Public Domain,-66.036999399787,18.2329928002357
471,40117,40117,Municipality of Vega Baja,Citizen Mobility Program (MOVICI),Vega Baja,PR,-66.38755,18.44601,Yes - Agency fetch URL available and in compliance with GTFS standards.,Public Domain,-66.3875499998833,18.4460099995996
472,40120,40120,"City of Ocala, Florida",SunTran,Ocala,FL,-82.13421247,29.18506329,Yes - Agency fetch URL available and in compliance with GTFS standards.,Public Domain,-82.134212470297,29.1850632900726
473,40121,40121,Municipality of Hormigueros,Municipality of Hormigueros,Hormigueros,PR,-67.12768201,18.13892601,Yes - Agency fetch URL available and in compliance with GTFS standards.,Public Domain,-67.1276820101259,18.1389260101903
474,40122,40122,Municipality of Cayey,Municipality of Cayey,Cayey,PR,-66.16662003,18.11317998,Yes - Agency fetch URL available and in compliance with GTFS standards.,Public Domain,-66.1666200304346,18.1131799796356
475,40123,40123,Municipality of Gurabo,Municipality of Gurabo,Gurabo,PR,-65.98519221,18.24869641,Yes - Agency fetch URL available and in compliance with GTFS standards.,Public Domain,-65.9851922098789,18.248696410342
476,40124,40124,Municipality of Cidra,Municipality of Cidra,Cidra,PR,-66.16025004,18.17632799,Yes - Agency fetch URL available and in compliance with GTFS standards.,Public Domain,-66.160250039924,18.1763279901949
477,40125,40125,Municipality of Carolina,Gobierno Municipal Autonomo de Carolina (GMAC),Carolina,PR,-65.95066437,18.3980792,Yes - Agency fetch URL available and in compliance with GTFS standards.,Public Domain,-65.9506643695824,18.3980792001357
478,40126,40126,Municipality of Humacao,Sistema de Transporte Colectivo de Humacao (SITRAH),Humacao,PR,-65.82773425,18.1531192,Yes - Agency fetch URL available and in compliance with GTFS standards.,Public Domain,-65.8277342501353,18.1531191999178
479,40128,40128,Okaloosa County Board of County Commissioners,EC RIDER,Crestview,FL,-86.57208302,30.75888698,Yes - Agency fetch URL available and in compliance with GTFS standards.,Public Domain,-86.5720830200054,30.7588869796234
480,40130,40130,Macon-Bibb County Transit Authority,Macon-Bibb County Transit Authority (MBTA),Macon,GA,-83.64121001,32.81041801,Yes - Agency fetch URL available and in compliance with GTFS standards.,Public Domain,-83.6412100095827,32.8104180102851
481,40131,40131,Davidson County,Davidson County Transportation,Lexington,NC,-80.24960647,35.82828132,Yes - Agency fetch URL available and in compliance with GTFS standards.,Public Domain,-80.2496064699911,35.8282813197587
482,40132,40132,Goldsboro-Wayne Transportation Authority,Goldsboro Wayne Transportation Authority (GWTA),Goldsboro,NC,-78.00350036,35.3858842,Yes - Agency fetch URL available and in compliance with GTFS standards.,Public Domain,-78.0035003602863,35.3858842000502
483,40137,40137,Municipality of Bayamon,"BayaTrolley, BayaRide",Bayamon,PR,-66.15870048,18.39625485,Yes - Agency fetch URL available and in compliance with GTFS standards.,Public Domain,-66.1587004801949,18.3962548496297
484,40138,40138,Gwinnett County Board of Commissioners,Ride Gwinnett,Lawrenceville,GA,-83.99309899,33.95122902,Yes - Agency fetch URL available and in compliance with GTFS standards.,Public Domain,-83.9930989898579,33.9512290201548
485,40140,40140,Collier County,Collier Area Transit (CAT),Naples,FL,-81.76542197,26.12756298,Yes - Agency fetch URL available and in compliance with GTFS standards.,Public Domain,-81.7654219700221,26.1275629803741
486,40141,40141,Central Midlands Regional Transportation Authority,The COMET,Columbia,SC,-81.06120196,34.02410602,Yes - Agency fetch URL available and in compliance with GTFS standards.,Public Domain,-81.0612019601984,34.0241060198089
487,40143,40143,Town of Cary,GoCary,Cary,NC,-78.78019526,35.78921283,Yes - Agency fetch URL available and in compliance with GTFS standards.,Public Domain,-78.7801952596598,35.7892128296511
488,40144,40144,City of Gainesville,Hall Area Transit (HAT),Gainesville,GA,-83.82493597,34.29871502,Yes - Agency fetch URL available and in compliance with GTFS standards.,Public Domain,-83.8249359703669,34.2987150199539
489,40145,40145,Municipality of Manati,Municipio de Manati,Manati,PR,-66.49093572,18.42788933,Yes - Agency fetch URL available and in compliance with GTFS standards.,Public Domain,-66.4909357198322,18.4278893299469
490,40146,40146,Hernando County Board of County Commissioners,TheBus,Brooksville,FL,-82.46813802,28.47853201,Yes - Agency fetch URL available and in compliance with GTFS standards.,Public Domain,-82.468138020397,28.4785320100055
491,40147,40147,North Carolina State University,NC State University (NCSU),Raleigh,NC,-78.68232975,35.78708156,Yes - Agency fetch URL available and in compliance with GTFS standards.,Public Domain,-78.682329750014,35.7870815600591
492,40150,40150,Municipality of Barceloneta,Municipality of Barceloneta,Barceloneta,PR,-66.53894903,18.45317701,Yes - Agency fetch URL available and in compliance with GTFS standards.,Public Domain,-66.538949029648,18.4531770101302
493,40151,40151,Municipality of Hatillo,Municipality of Hatillo (MH),Hatillo,PR,-66.82546202,18.48612799,Yes - Agency fetch URL available and in compliance with GTFS standards.,Public Domain,-66.8254620200751,18.4861279897874
494,40155,40155,"St Johns County, Florida",Sunshine Bus Company,Saint Augustine,FL,-81.33554702,29.93475102,Yes - Agency fetch URL available and in compliance with GTFS standards.,Public Domain,-81.3355470203705,29.9347510197507
495,40156,40156,Lower Savannah COG,Aiken Senior Life Services,Aiken,SC,-81.65645396,33.54869285,Yes - Agency fetch URL available and in compliance with GTFS standards.,Public Domain,-81.6564539598959,33.5486928502502
496,40158,40158,Lake County Board of County Commissioners,LakeXpress,Tavares,FL,-81.72963502,28.80181099,Yes - Agency fetch URL available and in compliance with GTFS standards.,Public Domain,-81.7296350195823,28.8018109899683
497,40159,40159,Regional Transportation Authority,WeGo Public Transit,Madison,TN,-86.69224096,36.27382798,Yes - Agency fetch URL available and in compliance with GTFS standards.,Public Domain,-86.6922409600452,36.2738279797864
498,40160,40160,Municipality of Camuy,Municipality of Camuy,Camuy,PR,-66.84413497,18.48476501,Yes - Agency fetch URL available and in compliance with GTFS standards.,Public Domain,-66.8441349702044,18.4847650103077
499,40162,40162,Franklin Transit Authority,Franklin Transit,Franklin,TN,-86.87227904,35.92215799,Yes - Agency fetch URL available and in compliance with GTFS standards.,Public Domain,-86.872279040144,35.92215798982
500,40163,40163,Municipality of Catano,Municipality of Catano,Catano,PR,-66.12166001,18.44104299,Yes - Agency fetch URL available and in compliance with GTFS standards.,Public Domain,-66.1216600098279,18.4410429899716
501,40164,40164,Municipality of Fajardo,Municipality of Fajardo,Fajardo,PR,-65.65297198,18.325219,Yes - Agency fetch URL available and in compliance with GTFS standards.,Public Domain,-65.6529719801917,18.3252190001313
502,40165,40165,Municipality of Juncos,Municipality of Juncos,Juncos,PR,-65.92070836,18.22995255,Yes - Agency fetch URL available and in compliance with GTFS standards.,Public Domain,-65.9207083602956,18.2299525498347
503,40166,40166,City of Jacksonville,Jacksonville Transit,Jacksonville,NC,-77.42111827,34.74960433,Yes - Agency fetch URL available and in compliance with GTFS standards.,Public Domain,-77.4211182703395,34.7496043303347
504,40167,40167,City of Concord,Concord Kannapolis Area Transit,Concord,NC,-80.58195734,35.40996004,Yes - Agency fetch URL available and in compliance with GTFS standards.,Public Domain,-80.5819573398734,35.4099600402064
505,40170,40170,Southeast Tennessee Human Resource Agency,Cleveland Urban Area Transit System (CUATS),Dunlap,TN,-85.37580003,35.40161699,Yes - Agency fetch URL available and in compliance with GTFS standards.,Public Domain,-85.3758000299286,35.4016169897907
506,40172,40172,Western Piedmont Regional Transit Authority,Greenway Public Transportation,Conover,NC,-81.25103053,35.70090965,Yes - Agency fetch URL available and in compliance with GTFS standards.,Public Domain,-81.2510305297456,35.7009096503523
507,40173,40173,Piedmont Authority for Regional Transportation,Piedmont Authority for Regional Transportation (PART),Greensboro,NC,-79.95823738,36.09407229,Yes - Agency fetch URL available and in compliance with GTFS standards.,Public Domain,-79.9582373802758,36.094072289686
508,40174,40174,Municipality of Yauco,Sistema de Transporte Colectivo Yauco (STC),Yauco,PR,-66.85386099,18.03439399,Yes - Agency fetch URL available and in compliance with GTFS standards.,Public Domain,-66.8538609902596,18.0343939898169
509,40175,40175,Puerto Rico Maritime Transport Authority,Puerto Rico Ferry,Guaynabo,PR,-66.09572023,18.46292773,Yes - Agency fetch URL available and in compliance with GTFS standards.,Public Domain,-66.0957202298359,18.462927730216
510,40180,40180,University of Georgia,UGA Transit,Athens,GA,-83.37409,33.9517,Yes - Agency fetch URL available and in compliance with GTFS standards.,Public Domain,-83.3740900004262,33.9517000000385
511,40182,40182,Municipality of Toa Baja,Toa Baja Municipal Trolley,Toa Baja,PR,-66.25401797,18.44256799,Yes - Agency fetch URL available and in compliance with GTFS standards.,Public Domain,-66.2540179697413,18.4425679896701
512,40183,40183,Municipality of San Sebastian,Municipality of San Sebastian (MSS),San Sebastian,PR,-66.99145496,18.336932,Yes - Agency fetch URL available and in compliance with GTFS standards.,Public Domain,-66.9914549595713,18.3369319995997
513,40184,40184,City of Bowling Green,GOBG Transit,Bowling Green,KY,-86.44327002,36.99305802,Yes - Agency fetch URL available and in compliance with GTFS standards.,Public Domain,-86.4432700197139,36.9930580197803
514,40185,40185,Bay County Transportation Planning Organization,Bayway,Panama City,FL,-85.67206201,30.16951602,Yes - Agency fetch URL available and in compliance with GTFS standards.,Public Domain,-85.6720620103328,30.1695160201448
515,40186,40186,City of Murfreesboro,Murfreesboro Transit,Murfreesboro,TN,-86.39304599,35.84447401,Yes - Agency fetch URL available and in compliance with GTFS standards.,Public Domain,-86.3930459901198,35.8444740103175
516,40188,40188,Government of the Virgin Islands,Virgin Island Transit (VITran),Charlotte Amalie,VI,-64.95385489,18.33371359,Yes - Agency fetch URL available and in compliance with GTFS standards.,Public Domain,-64.9538548898654,18.3337135896582
517,40190,40190,"East Tennessee Human Resource Agency, Inc.",East Tennessee Human Resource Agency (ETHRA),Knoxville,TN,-84.08801298,35.92294601,Yes - Agency fetch URL available and in compliance with GTFS standards.,Public Domain,-84.0880129804332,35.922946010166
518,40192,40192,Martin County,Martin County Public Transit,Stuart,FL,-80.22375898,27.19558299,Yes - Agency fetch URL available and in compliance with GTFS standards.,Public Domain,-80.2237589802164,27.1955829900405
519,40193,40193,"City of Hinesville, Georgia",Liberty Transit (LT),Hinesville,GA,-81.59540186,31.84641117,Yes - Agency fetch URL available and in compliance with GTFS standards.,Public Domain,-81.5954018597509,31.846411169892
520,40194,40194,Municipality of Mayaguez,Municipality of Mayaguez (MAM),Mayaguez,PR,-67.1469,18.20368,Yes - Agency fetch URL available and in compliance with GTFS standards.,Public Domain,-67.146899999579,18.2036800000253
521,40195,40195,Municipality of San Lorenzo,Municipality of San Lorenzo (MASL),San Lorenzo,PR,-65.9612656,18.18953018,Yes - Agency fetch URL available and in compliance with GTFS standards.,Public Domain,-65.9612656002527,18.1895301801616
522,40198,40198,Municipality of Dorado,Municipality of Dorado,Dorado,PR,-66.26207661,18.45928398,Yes - Agency fetch URL available and in compliance with GTFS standards.,Public Domain,-66.2620766097298,18.4592839798439
523,40199,40199,Autonomous Municipality of Vega Alta,Municipio Autonomo de Vega Alta (MUNVA),Vega Alta,PR,-66.30392374,18.4107769,Yes - Agency fetch URL available and in compliance with GTFS standards.,Public Domain,-66.303923739705,18.4107769001014
524,40201,40201,Municipality of Guaynabo,Municipality of Guaynabo,Guaynabo,PR,-66.12031002,18.43370501,Yes - Agency fetch URL available and in compliance with GTFS standards.,Public Domain,-66.1203100198223,18.4337050099812
525,40205,40205,The County of Iredell,Iredell County Area Transportation Services (ICATS),Statesville,NC,-80.88854406,35.78326474,Yes - Agency fetch URL available and in compliance with GTFS standards.,Public Domain,-80.8885440602832,35.7832647402684
526,40206,40206,Berkeley Charleston Dorchester RTMA,TriCounty Link,Moncks Corner,SC,-80.00813401,33.19196098,Yes - Agency fetch URL available and in compliance with GTFS standards.,Public Domain,-80.0081340098815,33.1919609801473
527,40208,40208,City of Clemson,Clemson Area Transit (CAT),Clemson,SC,-82.82822098,34.68930601,Yes - Agency fetch URL available and in compliance with GTFS standards.,Public Domain,-82.8282209799431,34.6893060098052
528,40210,40210,Craven County,Craven Area Rural Transit System (CARTS),New Bern,NC,-77.0375685,35.10818567,Yes - Agency fetch URL available and in compliance with GTFS standards.,Public Domain,-77.0375685002521,35.1081856701671
529,40218,40218,City of La Grange,Oldham's Public Bus (OPB),La Grange,KY,-85.38194598,38.40759499,Yes - Agency fetch URL available and in compliance with GTFS standards.,Public Domain,-85.381945979709,38.4075949900945
530,40221,40221,Gaston County,ACCESS Transportation,Gastonia,NC,-81.18260788,35.26403651,Yes - Agency fetch URL available and in compliance with GTFS standards.,Public Domain,-81.1826078802551,35.2640365103245
531,40224,40224,Buncombe County,Mountain Mobility,Asheville,NC,-82.54724617,35.59548827,Yes - Agency fetch URL available and in compliance with GTFS standards.,Public Domain,-82.5472461697179,35.5954882697032
532,40226,40226,"Mountain Projects, Inc.",Haywood Public Transit,Waynesville,NC,-82.96486922,35.50577119,Yes - Agency fetch URL available and in compliance with GTFS standards.,Public Domain,-82.9648692199916,35.5057711901647
533,40229,40229,Henderson County,Apple Country Public Transit (ACPT),Hendersonville,NC,-82.4603229,35.31450542,Yes - Agency fetch URL available and in compliance with GTFS standards.,Public Domain,-82.4603229002074,35.314505420027
534,40231,40231,Orange County,Orange County Public Transit (OCPT),Hillsborough,NC,-79.10058839,36.07389562,Yes - Agency fetch URL available and in compliance with GTFS standards.,Public Domain,-79.1005883897923,36.0738956202766
535,40232,40232,Central Florida Commuter Rail,SunRail,Tallahassee,FL,-84.27455098,30.43705798,Yes - Agency fetch URL available and in compliance with GTFS standards.,Public Domain,-84.2745509797721,30.4370579797042
536,40233,40233,City of Salisbury,Salisbury Transit,Salisbury,NC,-80.4690179,35.66833183,Yes - Agency fetch URL available and in compliance with GTFS standards.,Public Domain,-80.469017900334,35.6683318296357
537,40234,40234,Autonomous Municipality of Ponce,Southern Integrated Transportation System (SITRAS),Ponce,PR,-66.60983799,18.01013594,Yes - Agency fetch URL available and in compliance with GTFS standards.,Public Domain,-66.6098379902762,18.0101359401138
538,40238,40238,City of Coconut Creek,Broward County Transit,Coconut Creek,FL,-80.18770497,26.25858001,Yes - Agency fetch URL available and in compliance with GTFS standards.,Public Domain,-80.1877049696258,26.2585800101542
539,40239,40239,City of Deerfield Beach,Deerfield Beach Express Community Shuttle,Deerfield Beach,FL,-80.09926701,26.320036,Yes - Agency fetch URL available and in compliance with GTFS standards.,Public Domain,-80.0992670102905,26.3200359997817
540,40240,40240,City of Lighthouse Point,Broward County Transit,Lighthouse Point,FL,-80.09376597,26.27713302,Yes - Agency fetch URL available and in compliance with GTFS standards.,Public Domain,-80.0937659700357,26.2771330203088
541,40241,40241,City of Miramar,Broward County Transit,Miramar,FL,-80.30087446,25.98725841,Yes - Agency fetch URL available and in compliance with GTFS standards.,Public Domain,-80.3008744596246,25.9872584103213
542,40248,40248,Town of Hillsboro Beach,Hillsboro Community Shuttle,Hillsboro Beach,FL,-80.07883998,26.30090099,Yes - Agency fetch URL available and in compliance with GTFS standards.,Public Domain,-80.0788399800931,26.3009009903161
543,40249,40249,City of Hallandale Beach,Hallandale Beach Minibus,Hallandale Beach,FL,-80.14342598,25.98085399,Yes - Agency fetch URL available and in compliance with GTFS standards.,Public Domain,-80.1434259798023,25.9808539897267
544,40250,40250,City of Lauderdale Lakes,Broward County Transit,Lauderdale Lakes,FL,-80.20705703,26.17001099,Yes - Agency fetch URL available and in compliance with GTFS standards.,Public Domain,-80.2070570299402,26.1700109902844
545,40251,40251,City of Pembroke Pines,Broward County Transit,Pembroke Pines,FL,-80.28709498,26.00261601,Yes - Agency fetch URL available and in compliance with GTFS standards.,Public Domain,-80.2870949795976,26.0026160098605
546,40252,40252,City Of Burlington,Link Transit,Burlington,NC,-79.43658712,36.09139863,Yes - Agency fetch URL available and in compliance with GTFS standards.,Public Domain,-79.436587120414,36.0913986297035
547,40253,40253,City of Coral Springs,Community Shuttle,Coral Springs,FL,-80.25340602,26.27297702,Yes - Agency fetch URL available and in compliance with GTFS standards.,Public Domain,-80.2534060202494,26.2729770202618
548,40254,40254,City of Lauderhill,Broward County Transit,Lauderhill,FL,-80.22591396,26.16533599,Yes - Agency fetch URL available and in compliance with GTFS standards.,Public Domain,-80.2259139604296,26.165335990139
549,40256,40256,City of Margate,Community Bus Svc and Margate Inner-City Transit,Margate,FL,-80.204953,26.242062,Yes - Agency fetch URL available and in compliance with GTFS standards.,Public Domain,-80.2049530003734,26.2420619998212
550,40257,40257,City of Pompano Beach,Community Shuttle Program ,Pompano Beach,FL,-80.12501102,26.230751,Yes - Agency fetch URL available and in compliance with GTFS standards.,Public Domain,-80.1250110204327,26.2307510003176
551,40261,40261,City of Dania Beach,Community Bus Service,Dania,FL,-80.14526396,26.0519,Yes - Agency fetch URL available and in compliance with GTFS standards.,Public Domain,-80.145263959823,26.0518999997353
552,40262,40262,Town of Davie,Broward County Transit,Davie,FL,-80.23472502,26.06811002,Yes - Agency fetch URL available and in compliance with GTFS standards.,Public Domain,-80.2347250203169,26.0681100203099
553,40269,40269,Municipality of Añasco,Municipality of Anasco,Anasco,PR,-67.14055232,18.28251735,Yes - Agency fetch URL available and in compliance with GTFS standards.,Public Domain,-67.1405523196268,18.2825173503929
554,40270,40270,City of Rock Hill,My Ride,Rock Hill,SC,-81.02820601,34.924041,Yes - Agency fetch URL available and in compliance with GTFS standards.,Public Domain,-81.0282060097694,34.924040999726
555,40275,,City of North Lauderdale,North Lauderdale Community Shuttle,North Lauderdale,FL,-80.22162501,26.2215232,No - Agency data not available due to processing or GTFS standard compliance errors.,Public Domain,-80.2216250098011,26.2215232003397
556,40277,40277,Town of Apex,GoApex,Apex,NC,-78.84682476,35.73480204,Yes - Agency fetch URL available and in compliance with GTFS standards.,Public Domain,-78.8468247595538,35.7348020398967
557,40278,40278,Municipality of Cabo Rojo,Municipality of Cabo Rojo (MACR),Cabo Rojo,PR,-67.14579186,18.08619237,Yes - Agency fetch URL available and in compliance with GTFS standards.,Public Domain,-67.1457918603024,18.0861923696747
558,40279,40279,Municipality of Canovanas,Municipality of Canovanas,Canovanas,PR,-65.90009385,18.37941948,Yes - Agency fetch URL available and in compliance with GTFS standards.,Public Domain,-65.9000938499017,18.379419479686
559,40280,40280,Municipality of Corozal,Municipality of Corozal (MCOR),Corozal,PR,-66.31745763,18.34128489,Yes - Agency fetch URL available and in compliance with GTFS standards.,Public Domain,-66.3174576302147,18.3412848900703
560,40918,40918,Wilkes Transportation Authority,Wilkes Transportation Authority (WTA),Wilkesboro,NC,-81.16874823,36.14063611,Yes - Agency fetch URL available and in compliance with GTFS standards.,Public Domain,-81.1687482300806,36.1406361096952
561,40920,40920,Ride Solution,Ride Solution,Palatka,FL,-81.65647739,29.6404997484488,Yes - Agency fetch URL available and in compliance with GTFS standards.,Public Domain,-81.6564773897551,29.6404997486021
562,40929,40929,Rockingham County Council on Aging,skat Transit,Reidsville,NC,-79.66175086,36.3580053,Yes - Agency fetch URL available and in compliance with GTFS standards.,Public Domain,-79.6617508596782,36.3580053002105
563,40948,40948,Bluegrass Community Action Agency,Bluegrass Ride,Frankfort,KY,-84.82882201,38.16448598,Yes - Agency fetch URL available and in compliance with GTFS standards.,Public Domain,-84.8288220095829,38.1644859796541
564,40952,40952,Williamsburg County,Williamsbrug County Transit System (WCTS),Kingstree,SC,-79.80885804,33.65683801,Yes - Agency fetch URL available and in compliance with GTFS standards.,Public Domain,-79.808858039951,33.6568380096884
565,40953,40953,"Pennyrile Allied Community Services, Inc.",Pennyrile Allied Community Services (PACS),Hopkinsville,KY,-87.48756203,36.86340699,Yes - Agency fetch URL available and in compliance with GTFS standards.,Public Domain,-87.4875620297796,36.8634069899322
566,40954,40954,South Central Tennessee Development District,South Central Area Transit Service,Mt Pleasant,TN,-87.17215391,35.56862,Yes - Agency fetch URL available and in compliance with GTFS standards.,Public Domain,-87.1721539098736,35.5686199996486
567,40958,40958,Municipality of Orocovis,Municipality of Orocovis,Orocovis,PR,-66.39147599,18.22679899,Yes - Agency fetch URL available and in compliance with GTFS standards.,Public Domain,-66.3914759898145,18.2267989902615
568,40978,40978,Upper-Cumberland Human Resource Agency,Upper Cumberland Human Resource Agency  (UCHRA),Cookeville,TN,-85.49920797,36.15034901,Yes - Agency fetch URL available and in compliance with GTFS standards.,Public Domain,-85.4992079695634,36.1503490100409
569,40979,40979,"KY River Foothills Development Council, Inc.",Foothills,Richmond,KY,-84.31574501,37.73507601,Yes - Agency fetch URL available and in compliance with GTFS standards.,Public Domain,-84.3157450102812,37.7350760100252
570,40983,40983,Rutherford County,Rutherford County Transit (RCT),Rutherfordton,NC,-81.95731475,35.37087669,Yes - Agency fetch URL available and in compliance with GTFS standards.,Public Domain,-81.9573147504128,35.3708766900331
571,40989,40989,Southeast Tennessee Human Resource Agency-Rural Division,Southeast Tennessee Human Resource Agency (SETHRA),Dunlap,TN,-85.37580003,35.40161699,Yes - Agency fetch URL available and in compliance with GTFS standards.,Public Domain,-85.3758000299286,35.4016169897907
572,40991,40991,Municipality of Utuado,Municipality of Utuado,Utuado,PR,-66.69984503,18.26500299,Yes - Agency fetch URL available and in compliance with GTFS standards.,Public Domain,-66.6998450297318,18.2650029897733
573,40999,40999,Sumter County Board of County Commissioners,Sumter County Transit (SCT),Wildwood,FL,-82.01869501,28.863133,Yes - Agency fetch URL available and in compliance with GTFS standards.,Public Domain,-82.0186950096226,28.8631329999183
574,41003,41003,Fairfield County Transit System,Fairfield County Transit System (FCTS),Winnsboro,SC,-81.08366357,34.3835416,Yes - Agency fetch URL available and in compliance with GTFS standards.,Public Domain,-81.0836635703099,34.3835415999023
575,41010,41010,Person County,Person Area Transportation System (PATS),Roxboro,NC,-78.99161795,36.39550392,Yes - Agency fetch URL available and in compliance with GTFS standards.,Public Domain,-78.9916179497232,36.3955039197724
576,41013,41013,Paducah Transit Authority,Paducah Area Transit System,Paducah,KY,-88.60630102,37.08809899,Yes - Agency fetch URL available and in compliance with GTFS standards.,Public Domain,-88.6063010198031,37.0880989902204
577,41028,41028,Scotland County,Scotland County Area Transit (SCAT),Laurinburg,NC,-79.4900754,34.76032764,Yes - Agency fetch URL available and in compliance with GTFS standards.,Public Domain,-79.4900753995785,34.7603276397714
578,41029,41029,Ashe County Transportation Authority Inc,Ashe County Transportation Authority (ACTA),West Jefferson,NC,-81.50039131,36.38786738,Yes - Agency fetch URL available and in compliance with GTFS standards.,Public Domain,-81.500391310164,36.3878673799603
579,41030,41030,Mississippi State University,Starkville-MSU Area Rapid Transit,Mississippi State,MS,-88.79346912,33.45790564,Yes - Agency fetch URL available and in compliance with GTFS standards.,Public Domain,-88.7934691199402,33.4579056400243
580,41032,41032,City of Maysville,Maysville City Transit (MTS),Maysville,KY,-83.76003409,38.6453873,Yes - Agency fetch URL available and in compliance with GTFS standards.,Public Domain,-83.7600340897661,38.6453873002421
581,41043,41043,Mitchell County Transportation Authority,Mitchell County Transportation Authority (MCTA),Bakersville,NC,-82.15968797,36.0145622,Yes - Agency fetch URL available and in compliance with GTFS standards.,Public Domain,-82.1596879704074,36.01456220034
582,41048,41048,Kerr Area Transportation Authority,Kerr Area Regional Transportation System (KARTS),Henderson,NC,-78.42449252,36.34316975,Yes - Agency fetch URL available and in compliance with GTFS standards.,Public Domain,-78.4244925195752,36.3431697498675
583,41052,41052,City of Oxford,Oxford Transit,Oxford,MS,-89.53238755,34.37979293,Yes - Agency fetch URL available and in compliance with GTFS standards.,Public Domain,-89.5323875502513,34.379792929867
584,41053,41053,Murray-Calloway County Transit Authority,Murray Calloway County Transit Authority (MCTA),Murray,KY,-88.33038402,36.62567199,Yes - Agency fetch URL available and in compliance with GTFS standards.,Public Domain,-88.3303840201733,36.6256719899827
585,41060,41060,City of Key West,Key West Transit,Key West,FL,-81.78916087,24.55288585,Yes - Agency fetch URL available and in compliance with GTFS standards.,Public Domain,-81.7891608703815,24.5528858498894
586,41069,41069,Cherokee County,Cherokee County Transit (CCT),Murphy,NC,-84.03315258,35.08696391,Yes - Agency fetch URL available and in compliance with GTFS standards.,Public Domain,-84.0331525803678,35.0869639103603
587,41082,41082,Transp. Administration of Cleveland County. Inc,Transportation Administration of Cleveland County (TACC),Shelby,NC,-81.51545351,35.31048533,Yes - Agency fetch URL available and in compliance with GTFS standards.,Public Domain,-81.5154535098566,35.3104853301296
588,41083,41083,City of Glasgow,Glasgow Transit System (GTS),Glasgow,KY,-85.91020229,36.99640263,Yes - Agency fetch URL available and in compliance with GTFS standards.,Public Domain,-85.9102022902702,36.9964026298139
589,41092,41092,Lowcountry Regional Transportation Authority,Palmetto Breeze,Bluffton,SC,-80.85234304,32.23014799,Yes - Agency fetch URL available and in compliance with GTFS standards.,Public Domain,-80.8523430403964,32.2301479896962
590,41102,41102,City of Gatlinburg,Gatlinburg Mass Transit System,Gatlinburg,TN,-83.47926603,35.72573299,Yes - Agency fetch URL available and in compliance with GTFS standards.,Public Domain,-83.4792660303969,35.7257329897033
591,41115,41115,Transylvania County,Transylvania County (TC),Brevard,NC,-82.73413998,35.23109379,Yes - Agency fetch URL available and in compliance with GTFS standards.,Public Domain,-82.7341399800627,35.2310937902541
592,41118,41118,Birmingham Regional Paratransit Consortium,Central Alabama's Specialized Transit (CLASTRAN),Birmingham,AL,-86.82286504,33.476554,Yes - Agency fetch URL available and in compliance with GTFS standards.,Public Domain,-86.8228650403062,33.4765539999279
593,41120,41120,City of Frankfort,Frankfort Public Transit,Frankfort,KY,-84.87882199,38.19475299,Yes - Agency fetch URL available and in compliance with GTFS standards.,Public Domain,-84.8788219903619,38.1947529896735
594,41127,41127,AppalCart,AppalCart (AC),Boone,NC,-81.71927289,36.22719338,Yes - Agency fetch URL available and in compliance with GTFS standards.,Public Domain,-81.7192728898979,36.2271933797245
595,41136,41136,City of Pigeon Forge,Pigeon Forge Mass Transit (PFMT),Pigeon Forge,TN,-83.56284701,35.78991699,Yes - Agency fetch URL available and in compliance with GTFS standards.,Public Domain,-83.562847010095,35.7899169902298
596,41153,41153,Big Bend Transit,Big Bend Transit (BBT),Tallahassee,FL,-84.33389804,30.41695902,Yes - Agency fetch URL available and in compliance with GTFS standards.,Public Domain,-84.3338980397785,30.4169590198348
597,41157,41157,County of Citrus,Citrus County Transit (CCT),Inverness,FL,-82.32978297,28.83684802,Yes - Agency fetch URL available and in compliance with GTFS standards.,Public Domain,-82.3297829696306,28.8368480198578
598,41167,41167,Jackson County,Jackson County Transit (JCT),Sylva,NC,-83.22603029,35.37924825,Yes - Agency fetch URL available and in compliance with GTFS standards.,Public Domain,-83.2260302897452,35.3792482497446
599,41170,41170,Baker Council on Aging,Baker Council on Aging (BCCOA),Macclenny,FL,-82.12597398,30.26464898,Yes - Agency fetch URL available and in compliance with GTFS standards.,Public Domain,-82.1259739804021,30.2646489799585
600,41191,41191,Macon County,Macon County Transit (MCT),Franklin,NC,-83.38171727,35.18199897,Yes - Agency fetch URL available and in compliance with GTFS standards.,Public Domain,-83.3817172703135,35.1819989698652
601,41199,41199,Board of County Commissioners of St. Lucie County,Area Regional Transit ,Fort Pierce,FL,-80.34841397,27.42643598,Yes - Agency fetch URL available and in compliance with GTFS standards.,Public Domain,-80.3484139701119,27.4264359797664
602,42000,42000,Atlanta-Region Transit Link Authority,Atlanta-region Transit Link (ATL),Atlanta,GA,-84.38562997,33.76119099,Yes - Agency fetch URL available and in compliance with GTFS standards.,Public Domain,-84.3856299697305,33.761190989737
603,44913,44913,Eastern Band of Cherokee Indians,EBCI Transit,Cherokee,NC,-83.31808295,35.48301156,Yes - Agency fetch URL available and in compliance with GTFS standards.,Public Domain,-83.3180829503079,35.4830115599649
604,44929,44929,City of Fort Lauderdale,LauderGO! Water Trolley,Fort Lauderdale,FL,-80.14324501,26.12367998,Yes - Agency fetch URL available and in compliance with GTFS standards.,Public Domain,-80.1432450096967,26.1236799800981
605,44932,44932,City of Tamarac,Tamarac Community Shuttle,Tamarac,FL,-80.27279001,26.21383598,Yes - Agency fetch URL available and in compliance with GTFS standards.,Public Domain,-80.2727900102823,26.2138359796674
606,44938,44938,Central Florida Regional Planning Council,DeSoto Arcadia Regional Transit,Bartow,FL,-81.83942102,27.89779399,Yes - Agency fetch URL available and in compliance with GTFS standards.,Public Domain,-81.8394210203348,27.8977939898356
607,44941,44941,Municipality of Jayuya,Municipio de Jayuya,Jayuya,PR,-66.5884748,18.21066185,Yes - Agency fetch URL available and in compliance with GTFS standards.,Public Domain,-66.5884747996701,18.210661849724
608,44942,44942,Municipality of Coamo,Municipality of Coamo,Coamo,PR,-66.356949,18.08065799,Yes - Agency fetch URL available and in compliance with GTFS standards.,Public Domain,-66.3569490002226,18.0806579899753
609,44943,44943,Municipality of Vieques,Municipality of Vieques,Vieques,PR,-65.44160502,18.14961499,Yes - Agency fetch URL available and in compliance with GTFS standards.,Public Domain,-65.4416050198119,18.1496149901374
610,44944,44944,City of Scottsville,Scottsville City Transit,Scottsville,KY,-86.19172399,36.75393699,Yes - Agency fetch URL available and in compliance with GTFS standards.,Public Domain,-86.1917239903487,36.7539369897982
611,44947,44947,County of Hyde,Hyde County Transit,Swanquarter,NC,-76.3288293,35.40566855,Yes - Agency fetch URL available and in compliance with GTFS standards.,Public Domain,-76.3288292997961,35.4056685500501
612,44958,44958,North Carolina Department of Transportation -- Ferry Division,NC Ferry System,Raleigh,NC,-78.63752672,35.77993193,Yes - Agency fetch URL available and in compliance with GTFS standards.,Public Domain,-78.6375267198846,35.7799319302483
613,44976,44976,Municipality of Patillas,Municipality of Patillas,Patillas,PR,-66.01574997,18.005381,Yes - Agency fetch URL available and in compliance with GTFS standards.,Public Domain,-66.0157499700318,18.0053809996781
614,44980,44980,Hendry Co. BOCC,STREAM,Labelle,FL,-81.43815702,26.761251,Yes - Agency fetch URL available and in compliance with GTFS standards.,Public Domain,-81.4381570199186,26.7612509996854
615,44984,44984,City of Henderson KY,Henderson Area Rapid Transit,Henderson,KY,-87.58872142,37.8433523,Yes - Agency fetch URL available and in compliance with GTFS standards.,Public Domain,-87.5887214199255,37.8433523001723
616,50001,50001,City of Appleton,Valley Transit,Appleton,WI,-88.406917,44.26225399,Yes - Agency fetch URL available and in compliance with GTFS standards.,Public Domain,-88.4069169996119,44.2622539902101
617,50002,50002,City of Green Bay,Green Bay Metro (GBM),Green Bay,WI,-88.01282103,44.51339601,Yes - Agency fetch URL available and in compliance with GTFS standards.,Public Domain,-88.0128210296486,44.5133960099338
618,50003,50003,City of Kenosha,Kenosha Area Transit (KAT),Kenosha,WI,-87.82071402,42.58738499,Yes - Agency fetch URL available and in compliance with GTFS standards.,Public Domain,-87.8207140199272,42.587384990134
619,50004,50004,City of La Crosse,Municipal Transit Utility (MTU),La Crosse,WI,-91.24825402,43.81652299,Yes - Agency fetch URL available and in compliance with GTFS standards.,Public Domain,-91.2482540201646,43.8165229900415
620,50005,50005,City of Madison,Metro Transit,Madison,WI,-89.38242703,43.07240101,Yes - Agency fetch URL available and in compliance with GTFS standards.,Public Domain,-89.382427029582,43.0724010098341
621,50006,50006,"City of Racine, Wisconsin",RYDE Racine,Racine,WI,-87.78995403,42.72580998,Yes - Agency fetch URL available and in compliance with GTFS standards.,Public Domain,-87.7899540301393,42.7258099799936
622,50007,50007,Bay Mills Indian Community,Bay Mills Public Transportation ,Brimley,MI,-84.62254999,46.46590302,Yes - Agency fetch URL available and in compliance with GTFS standards.,Public Domain,-84.622549989864,46.4659030202319
623,50008,50008,Milwaukee County,Milwaukee County Transit System (MCTS),Milwaukee,WI,-87.92448041,43.0403158,Yes - Agency fetch URL available and in compliance with GTFS standards.,Public Domain,-87.9244804099609,43.0403157997935
624,50009,50009,"City of Oshkosh, Wisconsin",GO Transit,Oshkosh,WI,-88.54147999,44.020717,Yes - Agency fetch URL available and in compliance with GTFS standards.,Public Domain,-88.5414799902729,44.020716999925
625,50010,50010,METRO Regional Transit Authority,METRO,Akron,OH,-81.54070298,41.04915601,Yes - Agency fetch URL available and in compliance with GTFS standards.,Public Domain,-81.5407029803668,41.0491560099016
626,50011,50011,Stark Area Regional Transit Authority,Stark Area Regional Transit Authority (SARTA),Canton,OH,-81.36645998,40.781253,Yes - Agency fetch URL available and in compliance with GTFS standards.,Public Domain,-81.3664599797766,40.7812530000206
627,50012,50012,Southwest Ohio Regional Transit Authority,Metro,Cincinnati,OH,-84.51403603,39.10185601,Yes - Agency fetch URL available and in compliance with GTFS standards.,Public Domain,-84.514036029605,39.1018560099022
628,50015,50015,The Greater Cleveland Regional Transit Authority,Regional Transit Authority (RTA),Cleveland,OH,-81.69988899,41.500514,Yes - Agency fetch URL available and in compliance with GTFS standards.,Public Domain,-81.6998889896966,41.5005139998536
629,50016,50016,Central Ohio Transit Authority,Central Ohio Transit Authority (COTA),Columbus,OH,-83.00131197,39.96298801,Yes - Agency fetch URL available and in compliance with GTFS standards.,Public Domain,-83.0013119702332,39.96298801023
630,50017,50017,Greater Dayton Regional Transit Authority,Greater Dayton RTA (GDRTA),Dayton,OH,-84.19121198,39.75926699,Yes - Agency fetch URL available and in compliance with GTFS standards.,Public Domain,-84.1912119801603,39.759266989716
631,50019,50019,City of Middletown,Middletown Transit System (MTS),Middletown,OH,-84.40429697,39.51682199,Yes - Agency fetch URL available and in compliance with GTFS standards.,Public Domain,-84.4042969703176,39.5168219901015
632,50020,50020,"City of Springfield, Ohio",Springfield City Area Transit (SCAT),Springfield,OH,-83.80978199,39.92368699,Yes - Agency fetch URL available and in compliance with GTFS standards.,Public Domain,-83.8097819898017,39.9236869900821
633,50021,50021,Portage Area Regional Transportation Authority,Portage Area Regional Transportation Authority (PARTA),Kent,OH,-81.319423,41.13626,Yes - Agency fetch URL available and in compliance with GTFS standards.,Public Domain,-81.319423000334,41.1362600000454
634,50022,50022,Toledo Area Regional Transit Authority,Toledo Area Regional Transit Authority (TARTA),Toledo,OH,-83.56992603,41.67700901,Yes - Agency fetch URL available and in compliance with GTFS standards.,Public Domain,-83.5699260300796,41.6770090099488
635,50024,50024,Western Reserve Transit Authority,Western Reserve Transit Authority (WRTA),Youngstown,OH,-80.66007098,41.10236199,Yes - Agency fetch URL available and in compliance with GTFS standards.,Public Domain,-80.6600709796146,41.1023619900221
636,50025,50025,Duluth Transit Authority,Duluth Transit Authority (DTA),Duluth,MN,-92.12798697,46.76259599,Yes - Agency fetch URL available and in compliance with GTFS standards.,Public Domain,-92.1279869699125,46.7625959898196
637,50026,50026,City of Moorhead,Metropolitan Area Transit (MATBUS),Moorhead,MN,-96.77240397,46.8759,Yes - Agency fetch URL available and in compliance with GTFS standards.,Public Domain,-96.7724039701674,46.8759000001122
638,50027,50027,Metro Transit,Metro ,Minneapolis,MN,-93.28371899,44.98544698,Yes - Agency fetch URL available and in compliance with GTFS standards.,Public Domain,-93.2837189902729,44.9854469798032
639,50028,50028,St. Cloud Metropolitan Transit Commission,Metro Bus,Saint Cloud,MN,-94.14945802,45.57596099,Yes - Agency fetch URL available and in compliance with GTFS standards.,Public Domain,-94.149458019559,45.5759609899091
640,50029,50029,Bay Metropolitan Transit Authority,Bay Metro,Bay City,MI,-83.87157397,43.60699502,Yes - Agency fetch URL available and in compliance with GTFS standards.,Public Domain,-83.8715739702625,43.6069950199309
641,50030,50030,City of Battle Creek,Battle Creek Transit (BCT),Battle Creek,MI,-85.17909596,42.31692,Yes - Agency fetch URL available and in compliance with GTFS standards.,Public Domain,-85.1790959600127,42.3169200001982
642,50031,50031,Suburban Mobility Authority for Regional Transportation,Suburban Mobility Authority for Regional Transportation (SMART),Detroit,MI,-83.04693199,42.32941599,Yes - Agency fetch URL available and in compliance with GTFS standards.,Public Domain,-83.0469319902657,42.3294159897673
643,50032,50032,Mass Transportation Authority,MTA Flint,Flint,MI,-83.65152504,43.01449899,Yes - Agency fetch URL available and in compliance with GTFS standards.,Public Domain,-83.6515250396984,43.0144989898751
644,50033,50033,Interurban Transit Partnership,The Rapid,Grand Rapids,MI,-85.67286298,42.95764102,Yes - Agency fetch URL available and in compliance with GTFS standards.,Public Domain,-85.6728629796811,42.9576410197387
645,50034,50034,City of Jackson Transportation Authority,Jackson Area Transportation Authority (JATA),Jackson,MI,-84.36816602,42.23232099,Yes - Agency fetch URL available and in compliance with GTFS standards.,Public Domain,-84.3681660199213,42.2323209902575
646,50035,50035,Central County Transportation Authority,Metro Transit,Kalamazoo,MI,-85.58416501,42.296261,Yes - Agency fetch URL available and in compliance with GTFS standards.,Public Domain,-85.5841650101734,42.296261000216
647,50036,50036,Capital Area Transportation Authority,Capital Area Transportation Authority (CATA),Lansing,MI,-84.53384096,42.68714099,Yes - Agency fetch URL available and in compliance with GTFS standards.,Public Domain,-84.5338409602985,42.6871409900239
648,50037,50037,County of Muskegon,Muskegon Area Transit System (MATS),Muskegon,MI,-86.157959,43.23668199,Yes - Agency fetch URL available and in compliance with GTFS standards.,Public Domain,-86.1579590002898,43.2366819903211
649,50038,50038,City of Niles,Niles Dial-A-Ride (DART),Niles,MI,-86.25701902,41.83158798,Yes - Agency fetch URL available and in compliance with GTFS standards.,Public Domain,-86.2570190204302,41.8315879801538
650,50039,50039,Saginaw Transit Authority Regional Service,Saginaw Transit Authority Regional Service (STARS),Saginaw,MI,-83.93282296,43.43524899,Yes - Agency fetch URL available and in compliance with GTFS standards.,Public Domain,-83.9328229595582,43.435248990299
651,50040,50040,Ann Arbor Area Transportation Authority,Ann Arbor Area Transportation Authority (AAATA),Ann Arbor,MI,-83.73219197,42.247581,Yes - Agency fetch URL available and in compliance with GTFS standards.,Public Domain,-83.7321919699548,42.2475809998344
652,50042,50042,City of East Chicago,East Chicago Transit (ECT),East Chicago,IN,-87.43411642,41.61435152,Yes - Agency fetch URL available and in compliance with GTFS standards.,Public Domain,-87.4341164196928,41.6143515203023
653,50043,50043,City of Evansville,Metropolitan Evansville Transit System (METS),Evansville,IN,-87.56657597,37.97423698,Yes - Agency fetch URL available and in compliance with GTFS standards.,Public Domain,-87.5665759700817,37.9742369799807
654,50044,50044,Fort Wayne Public Transportation Corporation,Citilink,Fort Wayne,IN,-85.17055899,41.08134701,Yes - Agency fetch URL available and in compliance with GTFS standards.,Public Domain,-85.1705589895934,41.0813470099756
655,50045,50045,Gary Public Transportation Corporation,Gary Public Transportation Corporation (GPTC),Gary,IN,-87.33858833,41.603936,Yes - Agency fetch URL available and in compliance with GTFS standards.,Public Domain,-87.3385883300095,41.6039359998125
656,50047,50047,Bloomington-Normal Public Transit System,Connect Transit,Normal,IL,-89.03669247,40.49537754,Yes - Agency fetch URL available and in compliance with GTFS standards.,Public Domain,-89.0366924702004,40.4953775398551
657,50050,50050,Indianapolis and Marion County Public Transportation,IndyGo,Indianapolis,IN,-86.18846896,39.76529299,Yes - Agency fetch URL available and in compliance with GTFS standards.,Public Domain,-86.1884689601881,39.765292990056
658,50051,50051,Greater Lafayette Public Transportation Corporation,CityBus,Lafayette,IN,-86.892334,40.42949901,Yes - Agency fetch URL available and in compliance with GTFS standards.,Public Domain,-86.8923339998288,40.4294990101885
659,50052,50052,South Bend Public Transportation Corporation,Transpo,South Bend,IN,-86.25492597,41.65953898,Yes - Agency fetch URL available and in compliance with GTFS standards.,Public Domain,-86.2549259700727,41.6595389798533
660,50053,50053,City of Terre Haute,Terre Haute Transit Utility (THTU),Terre Haute,IN,-87.39582604,39.457688,Yes - Agency fetch URL available and in compliance with GTFS standards.,Public Domain,-87.3958260397276,39.4576879998503
661,50054,50054,Muncie Indiana Transit System,Muncie Indiana Transit System (MITS),Muncie,IN,-85.37230998,40.18985298,Yes - Agency fetch URL available and in compliance with GTFS standards.,Public Domain,-85.3723099798284,40.1898529802417
662,50056,50056,Greater Peoria Mass Transit District,CityLink,Peoria,IL,-89.56817001,40.70866001,Yes - Agency fetch URL available and in compliance with GTFS standards.,Public Domain,-89.568170010013,40.70866000984
663,50057,50057,Rock Island County Metropolitan Mass Transit District,MetroLink,Moline,IL,-90.51715903,41.50851,Yes - Agency fetch URL available and in compliance with GTFS standards.,Public Domain,-90.5171590302393,41.5085099998307
664,50058,50058,Rockford Mass Transit District,Rockford Mass Transit District (RMTD),Rockford,IL,-89.09746001,42.27320498,Yes - Agency fetch URL available and in compliance with GTFS standards.,Public Domain,-89.0974600101145,42.2732049798693
665,50059,50059,Springfield Mass Transit District,Springfield Mass Transit District (SMTD),Springfield,IL,-89.64306298,39.79145002,Yes - Agency fetch URL available and in compliance with GTFS standards.,Public Domain,-89.6430629801531,39.7914500198253
666,50060,50060,Champaign-Urbana Mass Transit District,Champaign Urbana Mass Transit District (C-U MTD),Urbana,IL,-88.19611398,40.115348,Yes - Agency fetch URL available and in compliance with GTFS standards.,Public Domain,-88.1961139800079,40.1153479999898
667,50061,50061,"City of Decatur, Il",Decatur Public Transit System (DPTS),Decatur,IL,-88.95239902,39.84526502,Yes - Agency fetch URL available and in compliance with GTFS standards.,Public Domain,-88.9523990195824,39.8452650198105
668,50066,50066,Chicago Transit Authority,Chicago Transit Authority (CTA),Chicago,IL,-87.64233304,41.88528698,Yes - Agency fetch URL available and in compliance with GTFS standards.,Public Domain,-87.6423330395751,41.8852869800627
669,50088,50088,City of Sheboygan,Shoreline Metro,Sheboygan,WI,-87.71414399,43.75112,Yes - Agency fetch URL available and in compliance with GTFS standards.,Public Domain,-87.7141439896885,43.7511200003147
670,50090,50090,Richland County Transit,Richland County Transit (RCT),Mansfield,OH,-82.51603197,40.75895298,Yes - Agency fetch URL available and in compliance with GTFS standards.,Public Domain,-82.5160319701627,40.758952979948
671,50091,50091,"City of Wausau, Wisconsin",Metro Ride,Wausau,WI,-89.6260022,44.95531563,Yes - Agency fetch URL available and in compliance with GTFS standards.,Public Domain,-89.6260021996333,44.9553156297161
672,50092,50092,"City of Rochester, Minnesota",Rochester Public Transit (RPT),Rochester,MN,-92.45934498,44.02035,Yes - Agency fetch URL available and in compliance with GTFS standards.,Public Domain,-92.4593449804203,44.0203500003193
673,50093,50093,Lima Allen County Regional Transit Authority,Allen County RTA,Lima,OH,-84.10288398,40.74119601,Yes - Agency fetch URL available and in compliance with GTFS standards.,Public Domain,-84.1028839800057,40.7411960100011
674,50095,50095,Lorain County,Lorain County Transit (LCT),Elyria,OH,-82.10600996,41.36567399,Yes - Agency fetch URL available and in compliance with GTFS standards.,Public Domain,-82.1060099598684,41.3656739898996
675,50096,50096,City of Waukesha,Waukesha Metro Transit,Waukesha,WI,-88.23454702,43.01540599,Yes - Agency fetch URL available and in compliance with GTFS standards.,Public Domain,-88.2345470196267,43.0154059901503
676,50098,50098,City of Michigan,Michigan City Transit ,Michigan City,IN,-86.90257602,41.72025301,Yes - Agency fetch URL available and in compliance with GTFS standards.,Public Domain,-86.9025760202682,41.7202530100304
677,50099,50099,City of Eau Claire,Eau Claire Transit (ECT),Eau Claire,WI,-91.49841804,44.81194498,Yes - Agency fetch URL available and in compliance with GTFS standards.,Public Domain,-91.4984180399742,44.8119449797018
678,50104,50104,Northern Indiana Commuter Transportation District,South Shore Line,Chesterton,IN,-87.060925,41.64469501,Yes - Agency fetch URL available and in compliance with GTFS standards.,Public Domain,-87.0609250000774,41.6446950098593
679,50108,50108,City of Janesville,Janesville Transit System (JTS),Janesville,WI,-89.02680702,42.68213398,Yes - Agency fetch URL available and in compliance with GTFS standards.,Public Domain,-89.0268070198434,42.6821339800193
680,50109,50109,City of Beloit,Beloit Transit System (BTS),Beloit,WI,-89.03697997,42.49758098,Yes - Agency fetch URL available and in compliance with GTFS standards.,Public Domain,-89.0369799697188,42.4975809802325
681,50110,50110,Bloomington Public Transportation Corporation,Bloomington Transit (BT),Bloomington,IN,-86.53419432,39.1534111,Yes - Agency fetch URL available and in compliance with GTFS standards.,Public Domain,-86.5341943199229,39.1534111001314
682,50113,50113,"Pace, the Suburban Bus Division of the Regional Transportation Authority",Pace Suburban Bus,Arlington Heights,IL,-87.98881602,42.04866599,Yes - Agency fetch URL available and in compliance with GTFS standards.,Public Domain,-87.988816019556,42.0486659903045
683,50117,50117,Laketran,Laketran,Painesville,OH,-81.283671,41.73158299,Yes - Agency fetch URL available and in compliance with GTFS standards.,Public Domain,-81.2836709997487,41.7315829899424
684,50118,50118,Northeast Illinois Regional Commuter Railroad Corporation,Metra,Chicago,IL,-87.64135604,41.87773501,Yes - Agency fetch URL available and in compliance with GTFS standards.,Public Domain,-87.641356039957,41.8777350098016
685,50119,50119,City of Detroit,Detroit Department of Transportation (DDOT),Detroit,MI,-83.04369096,42.32967298,Yes - Agency fetch URL available and in compliance with GTFS standards.,Public Domain,-83.0436909603488,42.3296729797806
686,50132,50132,Twin Cities Area Transportation Authority,Twin Cities Area Transportation Authority (TCATA),Benton Harbor,MI,-86.45202198,42.11652998,Yes - Agency fetch URL available and in compliance with GTFS standards.,Public Domain,-86.4520219803369,42.1165299800006
687,50141,50141,Detroit Transportation Corporation,Detroit People Mover,Detroit,MI,-83.04693199,42.32941599,Yes - Agency fetch URL available and in compliance with GTFS standards.,Public Domain,-83.0469319902657,42.3294159897673
688,50142,50142,Steel Valley Regional Transit Authority,Steel Valley RTA (SVRTA),Steubenville,OH,-80.61753199,40.35901701,Yes - Agency fetch URL available and in compliance with GTFS standards.,Public Domain,-80.6175319896654,40.3590170099429
689,50145,50145,City of Kokomo,City Line Trolley,Kokomo,IN,-86.12963203,40.48614102,Yes - Agency fetch URL available and in compliance with GTFS standards.,Public Domain,-86.1296320300752,40.4861410200367
690,50146,50146,Madison County Transit District,Madison County Transit (MCT),Pontoon Beach,IL,-90.07572866,38.76136108,Yes - Agency fetch URL available and in compliance with GTFS standards.,Public Domain,-90.0757286603209,38.7613610800107
691,50148,50148,Blue Water Area Transportation Commission,Blue Water Area Transit,Port Huron,MI,-82.44691303,42.97907799,Yes - Agency fetch URL available and in compliance with GTFS standards.,Public Domain,-82.4469130302074,42.9790779900873
692,50149,50149,Michiana Area Council of Governments,Interurban Trolley,South Bend,IN,-86.25308397,41.67539201,Yes - Agency fetch URL available and in compliance with GTFS standards.,Public Domain,-86.253083970091,41.6753920099484
693,50154,50154,Metropolitan Council,Met Council (MC),Saint Paul,MN,-93.28371899,44.98544698,Yes - Agency fetch URL available and in compliance with GTFS standards.,Public Domain,-93.2837189902729,44.9854469798032
694,50157,50157,Butler County Regional Transit Authority,Butler County Regional Transit Authority (BCRTA),Hamilton,OH,-84.51687297,39.37232301,Yes - Agency fetch URL available and in compliance with GTFS standards.,Public Domain,-84.5168729703576,39.3723230100823
695,50158,50158,University of Michigan Parking and Transportation Services,University of Michigan Transportation Services (UMTS),Ann Arbor,MI,-83.743572,42.27554299,Yes - Agency fetch URL available and in compliance with GTFS standards.,Public Domain,-83.7435719995522,42.2755429896699
696,50159,50159,River Valley Metro Mass Transit District,River Valley Metro Mass Transit District (RVMMTD),Bourbonnais,IL,-87.85332004,41.193008,Yes - Agency fetch URL available and in compliance with GTFS standards.,Public Domain,-87.8533200404375,41.1930079996829
697,50163,50163,"Licking County, Ohio",Licking County Transit (LCT),Newark,OH,-82.37132342,40.06010909,Yes - Agency fetch URL available and in compliance with GTFS standards.,Public Domain,-82.3713234201577,40.0601090901743
698,50164,50164,City of Sandusky,Sandusky Transit System (STS),Sandusky,OH,-82.71083804,41.455976,Yes - Agency fetch URL available and in compliance with GTFS standards.,Public Domain,-82.7108380400205,41.4559760002796
699,50166,50166,"Clermont County, Ohio",Clermont Transportation Connection (CTC),Batavia,OH,-84.17870702,39.07759702,Yes - Agency fetch URL available and in compliance with GTFS standards.,Public Domain,-84.178707019977,39.077597020209
700,50171,50171,"Fond du Lac, Wisconsin",Fond du Lac Area Transit  (FDLAT),Fond Du Lac,WI,-88.44900698,43.77406001,Yes - Agency fetch URL available and in compliance with GTFS standards.,Public Domain,-88.449006980141,43.774060010085
701,50174,50174,City of Danville,Danville Mass Transit (DMT),Danville,IL,-87.63085,40.12477002,Yes - Agency fetch URL available and in compliance with GTFS standards.,Public Domain,-87.6308500001641,40.1247700198511
702,50176,50176,City of DeKalb,DeKalb Public Transit,Dekalb,IL,-88.75301316,41.93026247,Yes - Agency fetch URL available and in compliance with GTFS standards.,Public Domain,-88.7530131596415,41.9302624698518
703,50177,50177,City of Columbus,ColumBus Transit,Columbus,IN,-85.92033004,39.19986401,Yes - Agency fetch URL available and in compliance with GTFS standards.,Public Domain,-85.9203300396155,39.1998640100174
704,50183,50183,City of Valparaiso,Valpo Transit,Valparaiso,IN,-87.06318301,41.46805298,Yes - Agency fetch URL available and in compliance with GTFS standards.,Public Domain,-87.0631830098672,41.4680529796805
705,50184,50184,Macatawa Area Express Transportation Authority,Macatawa Area Express (MAX),Holland,MI,-86.09679902,42.79104202,Yes - Agency fetch URL available and in compliance with GTFS standards.,Public Domain,-86.0967990196657,42.7910420199854
706,50186,50186,Lawrence County Port Authority,Lawrence County Transit (LCT),Ironton,OH,-82.57829501,38.42666299,Yes - Agency fetch URL available and in compliance with GTFS standards.,Public Domain,-82.5782950100905,38.426662989742
707,50196,50196,Harbor Transit Multi-Modal Transportation System,Harbor Transit,Grand Haven,MI,-86.21432102,43.06576099,Yes - Agency fetch URL available and in compliance with GTFS standards.,Public Domain,-86.2143210196926,43.0657609898231
708,50204,50204,Jackson County Mass Transit District,JAX Mass Transit,Carbondale,IL,-89.20863847,37.72228848,Yes - Agency fetch URL available and in compliance with GTFS standards.,Public Domain,-89.208638469626,37.7222884799154
709,50205,50205,City of Mankato,Mankato Transit System (MTS),Mankato,MN,-94.00499488,44.16575668,Yes - Agency fetch URL available and in compliance with GTFS standards.,Public Domain,-94.0049948803064,44.1657566801112
710,50209,50209,Central Indiana Regional Transportation Authority,Central Indiana Regional Transportation Authority (CIRTA),Indianapolis,IN,-86.15842001,39.771889,Yes - Agency fetch URL available and in compliance with GTFS standards.,Public Domain,-86.1584200103037,39.7718889997622
711,50211,50211,Rides Mass Transit District,Rides Mass Transit District (RMTD),Harrisburg,IL,-88.54028,37.73547,Yes - Agency fetch URL available and in compliance with GTFS standards.,Public Domain,-88.5402800000551,37.73547000022
712,50213,50213,M-1 Rail,QLINE Detroit,Detroit,MI,-83.073741,42.372402,Yes - Agency fetch URL available and in compliance with GTFS standards.,Public Domain,-83.0737409998896,42.3724019999787
713,50226,50226,Dunn County Transit Commission,Dunn County Transit,Menomonie,WI,-91.88706099,44.88728999,Yes - Agency fetch URL available and in compliance with GTFS standards.,Public Domain,-91.8870609900245,44.8872899896941
714,50232,50232,City of Macomb,McDonough County Public Transportation (MCPT),Macomb,IL,-90.66935997,40.45913,Yes - Agency fetch URL available and in compliance with GTFS standards.,Public Domain,-90.6693599698884,40.4591299999956
715,50241,50241,Eastern Upper Peninsula Transportation Authority,Eastern Upper Peninsula Transportation Authority (EUPTA),Sault Sainte Marie,MI,-84.37120391,46.4646288,Yes - Agency fetch URL available and in compliance with GTFS standards.,Public Domain,-84.3712039102097,46.4646288002232
716,50244,50244,Isabella County Transportation Commission,I-Ride,Mt. Pleasant ,MI,-84.80506401,43.59864602,Yes - Agency fetch URL available and in compliance with GTFS standards.,Public Domain,-84.8050640101422,43.5986460202998
717,50249,50249,City of Richmond,RoseView Transit ,Richmond,IN,-84.89591596,39.83005702,Yes - Agency fetch URL available and in compliance with GTFS standards.,Public Domain,-84.8959159600382,39.8300570202936
718,50256,50256,Access Johnson County,ACCESS ,Franklin,IN,-86.078647,39.52566402,Yes - Agency fetch URL available and in compliance with GTFS standards.,Public Domain,-86.0786469998747,39.5256640201176
719,50258,50258,City of Quincy,Quincy Transit (QT),Quincy,IL,-91.40365802,39.931614,Yes - Agency fetch URL available and in compliance with GTFS standards.,Public Domain,-91.4036580197402,39.9316139996847
720,50260,,Eaton County Transportation Authority,Eaton County Transportation Authority (EATRAN),Charlotte,MI,-84.81866183,42.58128527,No - Agency data not available due to processing or GTFS standard compliance errors.,Public Domain,-84.8186618301575,42.5812852703213
721,50269,50269,Champaign County,Champaign-County Area Rural Transit System (C-CARTS),Urbana,IL,-88.18647303,40.10667299,Yes - Agency fetch URL available and in compliance with GTFS standards.,Public Domain,-88.1864730304101,40.10667298997
722,50275,50275,Knox Area Transit,Knox County Transit,Mount Vernon,OH,-82.48230302,40.39385702,Yes - Agency fetch URL available and in compliance with GTFS standards.,Public Domain,-82.4823030196147,40.393857019795
723,50276,50276,Four Rivers Resource Services,Ride Solution,Loogootee,IN,-86.91561796,38.67863715,Yes - Agency fetch URL available and in compliance with GTFS standards.,Public Domain,-86.9156179600907,38.6786371497906
724,50278,50278,Athens Transit,Athens Public Transit (APT),Glouster,OH,-82.08357404,39.49621902,Yes - Agency fetch URL available and in compliance with GTFS standards.,Public Domain,-82.0835740397775,39.4962190198882
725,50281,50281,Cass County Council on Aging,Cass Area Transit ,Logansport,IN,-86.36679898,40.75470902,Yes - Agency fetch URL available and in compliance with GTFS standards.,Public Domain,-86.3667989800124,40.7547090196727
726,50282,50282,Kalkaska Public Transit Authority,Kalkaska Area Transit (KAT),Kalkaska,MI,-85.17987,44.735975,Yes - Agency fetch URL available and in compliance with GTFS standards.,Public Domain,-85.1798699996655,44.7359749997653
727,50295,50295,Rusk County Transit Commission,Rusk County Transit,Ladysmith,WI,-91.09768402,45.46472702,Yes - Agency fetch URL available and in compliance with GTFS standards.,Public Domain,-91.0976840204228,45.4647270200875
728,50302,50302,City of Washington,Washington Transit System  (WTS),Washington,IN,-87.17237333,38.65782729,Yes - Agency fetch URL available and in compliance with GTFS standards.,Public Domain,-87.17237332967,38.6578272897672
729,50308,50308,Area 10 Council on Aging of Monroe County,Area 10 Rural Transit,Ellettsville,IN,-86.63878001,39.23178699,Yes - Agency fetch URL available and in compliance with GTFS standards.,Public Domain,-86.6387800103266,39.2317869900117
730,50315,50315,Shawnee Mass Transit District,Shawnee Mass Transit,Vienna,IL,-88.87986899,37.41956198,Yes - Agency fetch URL available and in compliance with GTFS standards.,Public Domain,-88.8798689896437,37.41956197993
731,50327,50327,South Central Illinois Mass Transit District,South Central Transit (SCT),Centralia,IL,-89.10997503,38.52621699,Yes - Agency fetch URL available and in compliance with GTFS standards.,Public Domain,-89.1099750296324,38.5262169899336
732,50337,50337,Branch Area Transit Authority,Branch Area Transit Authority (BATA),Coldwater,MI,-85.00648713,41.9317789,Yes - Agency fetch URL available and in compliance with GTFS standards.,Public Domain,-85.0064871296716,41.9317789001632
733,50341,50341,South East Area Transit,South East Area Transit (SEAT),Zanesville,OH,-82.00578403,39.94992599,Yes - Agency fetch URL available and in compliance with GTFS standards.,Public Domain,-82.0057840297955,39.949925989924
734,50343,50343,Perry County Transit,Perry County Transit (PCT),New Lexington,OH,-82.20690897,39.71274998,Yes - Agency fetch URL available and in compliance with GTFS standards.,Public Domain,-82.206908969736,39.7127499801547
735,50347,50347,Blue River Services,Southern Indiana Transit System (SITS),Corydon,IN,-86.12652402,38.21246102,Yes - Agency fetch URL available and in compliance with GTFS standards.,Public Domain,-86.1265240199906,38.2124610201165
736,50349,50349,"Winona, City of",Winona Transit Service,Winona,MN,-91.63609298,44.05085799,Yes - Agency fetch URL available and in compliance with GTFS standards.,Public Domain,-91.6360929798323,44.0508579903064
737,50359,50359,City of Stevens Point,Central Transportation,Stevens Point,WI,-89.58056902,44.52072502,Yes - Agency fetch URL available and in compliance with GTFS standards.,Public Domain,-89.5805690201967,44.5207250201471
738,50383,50383,Van Buren County Board of Commissioners,Van Buren Public Transit,Paw Paw,MI,-86.11701701,42.30596598,Yes - Agency fetch URL available and in compliance with GTFS standards.,Public Domain,-86.1170170100999,42.3059659797079
739,50384,50384,Brown County,Brown County Heartland Express,New Ulm,MN,-94.46827503,44.30840001,Yes - Agency fetch URL available and in compliance with GTFS standards.,Public Domain,-94.4682750303726,44.3084000101825
740,50386,50386,City of Houghton,Houghton Motor Transit,Houghton,MI,-88.56577401,47.12204498,Yes - Agency fetch URL available and in compliance with GTFS standards.,Public Domain,-88.565774009952,47.1220449800663
741,50390,50390,Ashtabula County Transportation System,Ashtabula County Transportation System (ACTS),Jefferson,OH,-80.77061102,41.73899599,Yes - Agency fetch URL available and in compliance with GTFS standards.,Public Domain,-80.7706110199284,41.738995989674
742,50397,,Hubbard County,Hubbard County Heartland Express,Park Rapids,MN,-95.06378804,46.92021998,No - Agency data not available due to processing or GTFS standard compliance errors.,Public Domain,-95.0637880400675,46.9202199800986
743,50401,50401,Bay Area Rural Transit Commission,Bay Area Rural Transit (BART),Ashland,WI,-90.85265602,46.599392,Yes - Agency fetch URL available and in compliance with GTFS standards.,Public Domain,-90.8526560203338,46.5993920001319
744,50406,50406,Lancaster Public Transit System,Lancaster-Fairfield Public Transit  (LFPT),Lancaster,OH,-82.60102698,39.71268301,Yes - Agency fetch URL available and in compliance with GTFS standards.,Public Domain,-82.6010269798648,39.7126830097821
745,50410,50410,Fayette County Transportation Program,Fayette County Transportation,Washington Court House,OH,-83.45868686,39.5305839,Yes - Agency fetch URL available and in compliance with GTFS standards.,Public Domain,-83.4586868597263,39.5305839000462
746,50413,50413,Bay Area Transportation Authority,Bay Area Transportation Authority (BATA),Traverse City,MI,-85.62697734,44.73310141,Yes - Agency fetch URL available and in compliance with GTFS standards.,Public Domain,-85.6269773403955,44.7331014099096
747,50427,50427,Marquette County Transit Authority,MARQ-TRAN,Marquette ,MI,-87.45286104,46.55738102,Yes - Agency fetch URL available and in compliance with GTFS standards.,Public Domain,-87.4528610401104,46.5573810198787
748,50429,50429,Chillicothe Transit System,Chillicothe Transit System (CTS),Chillicothe,OH,-82.981629,39.33442201,Yes - Agency fetch URL available and in compliance with GTFS standards.,Public Domain,-82.9816290002125,39.3344220101767
749,50431,50431,City of Platteville,Platteville Public Transportation,Platteville,WI,-90.47829197,42.734759,Yes - Agency fetch URL available and in compliance with GTFS standards.,Public Domain,-90.478291969591,42.7347589999687
750,50433,50433,Great Lakes Community Action Partnership,TRIPS Public Transportation,Fremont,OH,-83.11319898,41.345564,Yes - Agency fetch URL available and in compliance with GTFS standards.,Public Domain,-83.1131989804166,41.3455640001973
751,50434,50434,Pickaway Area Rural Transit,PICCA Transit,Circleville,OH,-82.93838198,39.592534,Yes - Agency fetch URL available and in compliance with GTFS standards.,Public Domain,-82.938381979716,39.5925339996957
752,50436,50436,St. Joseph County Transportation Authority,St Joseph County Transportation Authority (SJCTA),Three Rivers,MI,-85.64637499,41.952127,Yes - Agency fetch URL available and in compliance with GTFS standards.,Public Domain,-85.6463749902105,41.9521270003291
753,50437,50437,City of Big Rapids,Big Rapids Dial-A-Ride,Big Rapids,MI,-85.48153003,43.70071601,Yes - Agency fetch URL available and in compliance with GTFS standards.,Public Domain,-85.4815300302738,43.7007160101375
754,50438,50438,Logan Transit System,Logan Public Transit (LPT),Glouster,OH,-82.08357404,39.49621902,Yes - Agency fetch URL available and in compliance with GTFS standards.,Public Domain,-82.0835740397775,39.4962190198882
755,50440,50440,Seneca-Crawford Area Transportation,North Central Area Transit (NCAT),Tiffin,OH,-83.15897197,41.07627398,Yes - Agency fetch URL available and in compliance with GTFS standards.,Public Domain,-83.1589719700673,41.0762739797039
756,50442,50442,County of La Crosse,Scenic Mississippi Regional Transit (SMRT),La Crosse,WI,-91.24776904,43.81316499,Yes - Agency fetch URL available and in compliance with GTFS standards.,Public Domain,-91.2477690404039,43.8131649899097
757,50447,50447,Coles County,Coles County Public Transportation,Charleston,IL,-88.17386103,39.49366602,Yes - Agency fetch URL available and in compliance with GTFS standards.,Public Domain,-88.1738610296724,39.493666019817
758,50450,50450,"Cedar Valley Services, Inc.",Southern Minnesota Area Rural Transit,Austin,MN,-92.98032896,43.68862902,Yes - Agency fetch URL available and in compliance with GTFS standards.,Public Domain,-92.9803289598359,43.6886290200648
759,50461,50461,City of Manitowoc,Maritime Metro Transit (MMT),Manitowoc,WI,-87.65976698,44.09136702,Yes - Agency fetch URL available and in compliance with GTFS standards.,Public Domain,-87.6597669802639,44.091367020032
760,50464,50464,Pike County  Community Action Transit System,Community Action Transit System (CATS),Piketon,OH,-82.98332701,39.06604399,Yes - Agency fetch URL available and in compliance with GTFS standards.,Public Domain,-82.9833270101356,39.0660439898029
761,50471,50471,"Southwestern MN Opportunity Council, Inc.",Prairieland Transit System,Worthington,MN,-95.59480499,43.62030301,Yes - Agency fetch URL available and in compliance with GTFS standards.,Public Domain,-95.5948049902777,43.6203030102114
762,50474,50474,"Tri-County Action Program, Inc.",Tri-Cap Transit Connection,Waite Park,MN,-94.24713896,45.53170102,Yes - Agency fetch URL available and in compliance with GTFS standards.,Public Domain,-94.2471389604483,45.5317010201736
763,50476,50476,Yates Township,Yates Dial-A-Ride, Idlewild,MI,-85.76255951,43.90120812,Yes - Agency fetch URL available and in compliance with GTFS standards.,Public Domain,-85.7625595101705,43.9012081199056
764,50485,50485,City of Marion,Marion Transit System  (MTS),Marion,IN,-85.65701498,40.55855002,Yes - Agency fetch URL available and in compliance with GTFS standards.,Public Domain,-85.6570149795921,40.5585500201155
765,50487,50487,City of Sault Sainte Marie,Sault Ste Marie Dial-A-Ride,Sault Sainte Marie,MI,-84.34240299,46.49974998,Yes - Agency fetch URL available and in compliance with GTFS standards.,Public Domain,-84.3424029897496,46.4997499797138
766,50489,,Paul Bunyan Transit,Paul Bunyan Transit,Bemidji,MN,-94.85839897,47.450472,No - Agency data not available due to processing or GTFS standard compliance errors.,Public Domain,-94.8583989699498,47.4504720000525
767,50493,50493,West Central Indiana Economic Development District ,Thrive West Central,Terre Haute,IN,-97.375955,39.46422,Yes - Agency fetch URL available and in compliance with GTFS standards.,Public Domain,-97.3759549999216,39.4642200000272
768,50502,50502,City of Galesburg,Galesburg Public Transportation,Galesburg,IL,-90.37188899,40.94551001,Yes - Agency fetch URL available and in compliance with GTFS standards.,Public Domain,-90.3718889900625,40.9455100100412
769,50507,50507,Sawyer County/LCO Transit Commission,Namekagon Transit,Hayward,WI,-91.26455127,45.98227998,Yes - Agency fetch URL available and in compliance with GTFS standards.,Public Domain,-91.2645512704221,45.9822799799859
770,50510,50510,"Three Rivers Community Action, Inc.",Hiawathaland Transit,Zumbrota,MN,-92.68518307,44.30188644,Yes - Agency fetch URL available and in compliance with GTFS standards.,Public Domain,-92.6851830696969,44.3018864401325
771,50515,50515,University of Minnesota,University of Minnesota (UMN),Minneapolis,MN,-93.22788202,44.97519399,Yes - Agency fetch URL available and in compliance with GTFS standards.,Public Domain,-93.227882019984,44.9751939899259
772,50516,50516,City of Plymouth,Plymouth Metrolink,Minneapolis,MN,-93.47459999,45.01919299,Yes - Agency fetch URL available and in compliance with GTFS standards.,Public Domain,-93.4745999900743,45.0191929899615
773,50518,50518,SouthWest Transit,SouthWest Transit (SWT),Eden Prairie,MN,-93.46030197,44.89055902,Yes - Agency fetch URL available and in compliance with GTFS standards.,Public Domain,-93.4603019701259,44.8905590199411
774,50519,50519,Minnesota Valley Transit Authority,Minnesota Valley Transit Authority (MVTA),Burnsville,MN,-93.27613119,44.77891689,Yes - Agency fetch URL available and in compliance with GTFS standards.,Public Domain,-93.2761311896642,44.7789168900335
775,50520,50520,"Arrowhead Economic Opportunity Agency, Inc.","Arrowhead Economic Opportunity Agency, Inc.",Virginia ,MN,-92.53409,47.517581,Yes - Agency fetch URL available and in compliance with GTFS standards.,Public Domain,-92.5340899998298,47.5175810000838
776,50521,50520,"Arrowhead Economic Opportunity Agency, Inc.","Arrowhead Economic Opportunity Agency, Inc.",Virginia ,MN,-92.53409,47.517581,Yes - Agency fetch URL available and in compliance with GTFS standards.,Public Domain,-92.5340899998298,47.5175810000838
777,50521,50521,Chicago Water Taxi (Wendella),Chicago Water Taxi (CWT),Chicago,IL,-87.62490396,41.88944399,Yes - Agency fetch URL available and in compliance with GTFS standards.,Public Domain,-87.6249039596703,41.8894439902421
778,50522,50520,"Arrowhead Economic Opportunity Agency, Inc.","Arrowhead Economic Opportunity Agency, Inc.",Virginia ,MN,-92.53409,47.517581,Yes - Agency fetch URL available and in compliance with GTFS standards.,Public Domain,-92.5340899998298,47.5175810000838
779,50522,50522,Lake Erie Transportation Commission,Lake Erie Transit (LET),Monroe,MI,-118.255828,34.036121,Yes - Agency fetch URL available and in compliance with GTFS standards.,Public Domain,-118.255828000027,34.0361210003477
780,50523,50520,"Arrowhead Economic Opportunity Agency, Inc.","Arrowhead Economic Opportunity Agency, Inc.",Virginia ,MN,-92.53409,47.517581,Yes - Agency fetch URL available and in compliance with GTFS standards.,Public Domain,-92.5340899998298,47.5175810000838
781,50524,50520,"Arrowhead Economic Opportunity Agency, Inc.","Arrowhead Economic Opportunity Agency, Inc.",Virginia ,MN,-92.53409,47.517581,Yes - Agency fetch URL available and in compliance with GTFS standards.,Public Domain,-92.5340899998298,47.5175810000838
782,50525,50520,"Arrowhead Economic Opportunity Agency, Inc.","Arrowhead Economic Opportunity Agency, Inc.",Virginia ,MN,-92.53409,47.517581,Yes - Agency fetch URL available and in compliance with GTFS standards.,Public Domain,-92.5340899998298,47.5175810000838
783,50526,50520,"Arrowhead Economic Opportunity Agency, Inc.","Arrowhead Economic Opportunity Agency, Inc.",Virginia ,MN,-92.53409,47.517581,Yes - Agency fetch URL available and in compliance with GTFS standards.,Public Domain,-92.5340899998298,47.5175810000838
784,50560,50560,Village of Norridge,Norridge Bus Service,Norridge,IL,-87.81528645,41.95292573,Yes - Agency fetch URL available and in compliance with GTFS standards.,Public Domain,-87.8152864501845,41.9529257301537
785,50561,50561,Triton College,Success Express,River Grove,IL,-87.84072874,41.91538682,Yes - Agency fetch URL available and in compliance with GTFS standards.,Public Domain,-87.8407287395789,41.9153868200205
786,50569,,Chicago State University,CSU Shuttle,Chicago,IL,-87.60950402,41.71821531,No - Agency data not available due to processing or GTFS standard compliance errors.,Public Domain,-87.6095040203804,41.7182153096999
787,50571,50571,Regional Transit Authority of Southeast Michigan,Regional Transit Authority of Southeast Michigan,Detroit,MI,-83.0476,42.332029,Yes - Agency fetch URL available and in compliance with GTFS standards.,Public Domain,-83.0475999999689,42.3320290001488
788,55228,55228,Menominee Indian Tribe of Wisconsin,Menominee Regional Public Transit,Keshena,WI,-88.63271097,44.88160501,Yes - Agency fetch URL available and in compliance with GTFS standards.,Public Domain,-88.63271096993,44.8816050098236
789,55246,55246,Fond du Lac Reservation,FDL Transit,Carlton,MN,-92.47762298,46.66615599,Yes - Agency fetch URL available and in compliance with GTFS standards.,Public Domain,-92.4776229799467,46.6661559897055
790,55252,55252,Bois Forte Band of Chippewa,Big Woods Transit,Orr,MN,-93.09647197,48.11331701,Yes - Agency fetch URL available and in compliance with GTFS standards.,Public Domain,-93.0964719704432,48.1133170100858
791,55258,55258,Leech Lake Band of Ojibwe,Leech Lake Public Tranist Program (LLTP),Cass Lake,MN,-94.59835683,47.38478579,Yes - Agency fetch URL available and in compliance with GTFS standards.,Public Domain,-94.598356830036,47.3847857897173
792,55270,55270,White Earth Band of Chippewa,White Earth Public Transit (WEPT),Ogema,MN,-95.85613999,47.08490502,Yes - Agency fetch URL available and in compliance with GTFS standards.,Public Domain,-95.85613999004,47.0849050201445
793,55282,55282,Bad River Band of Lake Superior Tribe of Chippewa,Bad River Transit (BRT),Odanah,WI,-90.64853294,46.60140301,Yes - Agency fetch URL available and in compliance with GTFS standards.,Public Domain,-90.6485329396579,46.6014030099772
794,55311,55311,City of Cincinnati,The Connector,Cincinnati,OH,-84.51959499,39.10416401,Yes - Agency fetch URL available and in compliance with GTFS standards.,Public Domain,-84.519594989636,39.10416401025
795,55312,55312,City of Milwaukee,The Hop Streetcar MKE,Milwaukee,WI,-87.90974802,43.04176901,Yes - Agency fetch URL available and in compliance with GTFS standards.,Public Domain,-87.9097480204367,43.0417690098645
796,55314,55314,Central Community Transit Joint Powers Board,Central Community Transit,Willmar,MN,-95.07464202,45.10777701,Yes - Agency fetch URL available and in compliance with GTFS standards.,Public Domain,-95.0746420198278,45.107777010287
797,55319,55319,Oneida-Vilas Transit Commission,Northwoods Transit Connections (NTC),Rhinelander,WI,-89.413725,45.63584,Yes - Agency fetch URL available and in compliance with GTFS standards.,Public Domain,-89.4137249997323,45.6358400000115
798,55320,55320,Faribault-Martin Counties Joint Powers,Prairie Lakes Transit,Fairmont,MN,-94.45200566,43.66212369,Yes - Agency fetch URL available and in compliance with GTFS standards.,Public Domain,-94.4520056602282,43.6621236897065
799,55322,55322,Western-Washtenaw Area Value Express,WAVE,Dexter,MI,-84.03364997,42.313741,Yes - Agency fetch URL available and in compliance with GTFS standards.,Public Domain,-84.033649970354,42.3137410000207
800,55326,55326,"United Community Action Partnership, Inc.",Community Transit,Marshall,MN,-95.787614,44.42896501,Yes - Agency fetch URL available and in compliance with GTFS standards.,Public Domain,-95.7876140001559,44.4289650097594
801,60001,60001,City of Amarillo,Amarillo City Transit (ACT),Amarillo,TX,-101.831105,35.20687202,Yes - Agency fetch URL available and in compliance with GTFS standards.,Public Domain,-101.831104999853,35.2068720197679
802,60006,60006,City of El Paso,Sun Metro,El Paso,TX,-106.484647,31.76208298,Yes - Agency fetch URL available and in compliance with GTFS standards.,Public Domain,-106.484646999627,31.7620829802536
803,60007,60007,Fort Worth Transportation Authority,Trinity Metro,Fort Worth,TX,-97.31106899,32.745759,Yes - Agency fetch URL available and in compliance with GTFS standards.,Public Domain,-97.311068989857,32.745759000018
804,60008,60008,"Metropolitan Transit Authority of Harris County, Texas",METRO,Houston,TX,-95.37099904,29.75013801,Yes - Agency fetch URL available and in compliance with GTFS standards.,Public Domain,-95.3709990401924,29.7501380097784
805,60009,60009,City of Laredo,Laredo Transit Management Inc.,Laredo,TX,-99.50684599,27.507355,Yes - Agency fetch URL available and in compliance with GTFS standards.,Public Domain,-99.5068459904357,27.5073550003797
806,60010,60010,City of Lubbock,Citibus,Lubbock,TX,-101.845272,33.58788999,Yes - Agency fetch URL available and in compliance with GTFS standards.,Public Domain,-101.845271999619,33.5878899897174
807,60011,60011,VIA Metropolitan Transit,VIA,San Antonio,TX,-98.50319799,29.44451198,Yes - Agency fetch URL available and in compliance with GTFS standards.,Public Domain,-98.503197990397,29.4445119802316
808,60012,60012,City of Waco,Waco Transit,Waco,TX,-97.12936299,31.55964502,Yes - Agency fetch URL available and in compliance with GTFS standards.,Public Domain,-97.1293629898039,31.5596450203266
809,60013,60013,City of Port Arthur,Port Arthur Transit (PAT),Port Arthur,TX,-93.93358403,29.86909785,Yes - Agency fetch URL available and in compliance with GTFS standards.,Public Domain,-93.9335840299391,29.8690978500957
810,60014,60014,City of Brownsville,Brownsville Metro (BMetro),Brownsville,TX,-97.49921899,25.90243202,Yes - Agency fetch URL available and in compliance with GTFS standards.,Public Domain,-97.4992189899221,25.9024320201526
811,60015,60015,City of Galveston,Galveston Island Transit (GIT),Galveston,TX,-94.80338201,29.30242599,Yes - Agency fetch URL available and in compliance with GTFS standards.,Public Domain,-94.8033820097,29.3024259902772
812,60016,60016,City of Beaumont,Beaumont Municipal Transit (BMT),Beaumont,TX,-94.09439403,30.08182999,Yes - Agency fetch URL available and in compliance with GTFS standards.,Public Domain,-94.0943940298092,30.081829989794
813,60017,60017,Central Oklahoma Transportation and Parking Authority,EMBARK,Oklahoma City,OK,-97.563735,35.44557399,Yes - Agency fetch URL available and in compliance with GTFS standards.,Public Domain,-97.5637350000909,35.4455739896579
814,60018,60018,Metropolitan Tulsa Transit Authority,"Tulsa Transit, MetroLink Tulsa",Tulsa,OK,-95.97301599,36.15452199,Yes - Agency fetch URL available and in compliance with GTFS standards.,Public Domain,-95.9730159899865,36.1545219900224
815,60019,60019,City of Albuquerque,ABQRIDE,Albuquerque,NM,-106.647793,35.08335101,Yes - Agency fetch URL available and in compliance with GTFS standards.,Public Domain,-106.647793000122,35.0833510097528
816,60022,60022,Capital Area Transit System,Capital Area Transit System (CATS),Baton Rouge,LA,-91.16485773,30.44996112,Yes - Agency fetch URL available and in compliance with GTFS standards.,Public Domain,-91.1648577295973,30.4499611202584
817,60023,60023,City of Lake Charles,City of Lake Charles Transit,Lake Charles,LA,-93.21633402,30.22752101,Yes - Agency fetch URL available and in compliance with GTFS standards.,Public Domain,-93.2163340198014,30.2275210103536
818,60024,60024,City of Shreveport,SporTran,Shreveport,LA,-93.7552324,32.53509307,Yes - Agency fetch URL available and in compliance with GTFS standards.,Public Domain,-93.7552324002423,32.535093069882
819,60025,60025,City of Alexandria,ATRANS,Alexandria,LA,-92.46720302,31.33041199,Yes - Agency fetch URL available and in compliance with GTFS standards.,Public Domain,-92.4672030203176,31.330411990248
820,60026,60026,City of Monroe,Monroe Transit,Monroe,LA,-92.10960999,32.502013,Yes - Agency fetch URL available and in compliance with GTFS standards.,Public Domain,-92.1096099904148,32.5020130001672
821,60032,60032,New Orleans Regional Transit Authority,New Orleans Regional Transit Authority (NORTA),New Orleans,LA,-90.08890597,29.967214,Yes - Agency fetch URL available and in compliance with GTFS standards.,Public Domain,-90.0889059699685,29.9672140002206
822,60033,60033,Rock Region Metropolitan Transit Authority,Rock Region METRO,North Little Rock,AR,-92.26894041,34.76249356,Yes - Agency fetch URL available and in compliance with GTFS standards.,Public Domain,-92.2689404102147,34.76249355992
823,60034,60034,City of Pine Bluff,Pine Bluff Transit (PBT),Pine Bluff,AR,-91.97936041,34.2124473,Yes - Agency fetch URL available and in compliance with GTFS standards.,Public Domain,-91.9793604097109,34.2124473000682
824,60035,60035,City of Wichita Falls,FallsRide,Wichita Falls,TX,-98.49968698,33.90976802,Yes - Agency fetch URL available and in compliance with GTFS standards.,Public Domain,-98.4996869799062,33.9097680200546
825,60038,60038,Lafayette City-Parish Consolidated Government,Lafayette Transit System (LTS),Lafayette,LA,-92.02469502,30.22047199,Yes - Agency fetch URL available and in compliance with GTFS standards.,Public Domain,-92.0246950197063,30.2204719898391
826,60040,60040,City of Abilene,CityLink,Abilene,TX,-99.73065596,32.45391199,Yes - Agency fetch URL available and in compliance with GTFS standards.,Public Domain,-99.7306559595836,32.4539119900556
827,60048,60048,Capital Metropolitan Transportation Authority,Capital Metro,Austin,TX,-97.709775,30.256548,Yes - Agency fetch URL available and in compliance with GTFS standards.,Public Domain,-97.7097749997724,30.2565479999111
828,60049,60049,City of Las Cruces NM,RoadRUNNER Transit,Las Cruces,NM,-106.77882,32.31455501,Yes - Agency fetch URL available and in compliance with GTFS standards.,Public Domain,-106.778819999941,32.3145550097843
829,60051,60051,Corpus Christi Regional Transportation Authority,The B,Corpus Christi,TX,-97.47299302,27.76490599,Yes - Agency fetch URL available and in compliance with GTFS standards.,Public Domain,-97.4729930201553,27.7649059902119
830,60056,60056,Dallas Area Rapid Transit,Dallas Area Rapid Transit (DART),Dallas,TX,-96.80064997,32.78237501,Yes - Agency fetch URL available and in compliance with GTFS standards.,Public Domain,-96.8006499698355,32.7823750099303
831,60058,60058,St. Bernard Parish,St. Bernard Urban Rapid Transit (SBURT),Chalmette,LA,-89.98186998,29.95697798,Yes - Agency fetch URL available and in compliance with GTFS standards.,Public Domain,-89.9818699799986,29.9569779799789
832,60059,60059,Brazos Transit District,Brazos Transit District (BTD),Bryan,TX,-96.36664116,30.70001853,Yes - Agency fetch URL available and in compliance with GTFS standards.,Public Domain,-96.366641160096,30.7000185301195
833,60062,60062,"University of Arkansas, Fayetteville",Razorback Transit,Fayetteville,AR,-94.18089578,36.06183331,Yes - Agency fetch URL available and in compliance with GTFS standards.,Public Domain,-94.180895780144,36.0618333100909
834,60072,60072,Ozark Regional Transit,Ozark Regional Transit (ORT),Springdale,AR,-94.10423816,36.16615896,Yes - Agency fetch URL available and in compliance with GTFS standards.,Public Domain,-94.1042381603581,36.1661589601248
835,60077,60077,City of Santa Fe,Santa Fe Trails (SFT),Santa Fe,NM,-105.996728,35.65659201,Yes - Agency fetch URL available and in compliance with GTFS standards.,Public Domain,-105.996727999882,35.6565920098186
836,60080,60080,Terrebonne Parish Consolidated Government,Good Earth Transit (GET),Houma,LA,-90.763461,29.60244598,Yes - Agency fetch URL available and in compliance with GTFS standards.,Public Domain,-90.7634610004029,29.6024459801299
837,60081,60081,City of Longview,City of Longview Transit (COLT),Longview,TX,-94.74521965,32.49476023,Yes - Agency fetch URL available and in compliance with GTFS standards.,Public Domain,-94.7452196496869,32.4947602303501
838,60086,60086,City of Fort Smith,Fort Smith Transit (FST),Fort Smith,AR,-94.42435427,35.38691957,Yes - Agency fetch URL available and in compliance with GTFS standards.,Public Domain,-94.4243542698197,35.3869195696888
839,60088,60088,Jefferson Parish,Jefferson Transit,Gretna,LA,-90.06782699,29.91606302,Yes - Agency fetch URL available and in compliance with GTFS standards.,Public Domain,-90.0678269901486,29.9160630203232
840,60089,60089,City of Tyler,Tyler Transit,Tyler,TX,-95.40949897,32.35105899,Yes - Agency fetch URL available and in compliance with GTFS standards.,Public Domain,-95.4094989701639,32.3510589899777
841,60090,60090,Lower Rio Grande Valley Development Council,Valley Metro,Weslaco,TX,-97.99221697,26.16026699,Yes - Agency fetch URL available and in compliance with GTFS standards.,Public Domain,-97.9922169699607,26.1602669898493
842,60091,60091,Hill Country Transit District,The Hop,Belton,TX,-98.71879102,31.18966002,Yes - Agency fetch URL available and in compliance with GTFS standards.,Public Domain,-98.7187910202337,31.1896600202467
843,60093,60093,Texarkana Urban Transit District,T-Line,Texarkana,TX,-94.0517886,33.43154253,Yes - Agency fetch URL available and in compliance with GTFS standards.,Public Domain,-94.0517885995633,33.4315425296404
844,60094,60094,City of Lawton,Lawton Area Transit System (LATS),Lawton,OK,-98.400791,34.605894,Yes - Agency fetch URL available and in compliance with GTFS standards.,Public Domain,-98.4007910002215,34.6058940002926
845,60095,60095,Golden Crescent Regional Planning Commission,Victoria Transit,Victoria,TX,-96.99010102,28.81139302,Yes - Agency fetch URL available and in compliance with GTFS standards.,Public Domain,-96.9901010196895,28.8113930197214
846,60097,60097,Midland-Odessa Urban Transit District,EZ-Rider,Odessa,TX,-102.275294,31.893019,Yes - Agency fetch URL available and in compliance with GTFS standards.,Public Domain,-102.275293999889,31.8930190003086
847,60099,60099,City of McAllen,Metro McAllen,Mcallen,TX,-98.23499897,26.19709799,Yes - Agency fetch URL available and in compliance with GTFS standards.,Public Domain,-98.2349989698369,26.1970979901099
848,60100,60100,City of Farmington,Red Apple Transit,Farmington,NM,-108.216685,36.73785199,Yes - Agency fetch URL available and in compliance with GTFS standards.,Public Domain,-108.216684999676,36.7378519903281
849,60101,60101,Denton County Transportation Authority,Denton County Transportation Authority (DCTA),Lewisville,TX,-96.97500203,33.016557,Yes - Agency fetch URL available and in compliance with GTFS standards.,Public Domain,-96.9750020303928,33.0165570000984
850,60102,60102,Concho Valley Transit District,Concho Valley Transit District (CVTD),San Angelo,TX,-100.434635,31.40317999,Yes - Agency fetch URL available and in compliance with GTFS standards.,Public Domain,-100.434634999926,31.4031799900582
851,60103,60103,"Fort Bend County, Texas",Fort Bend Transit (FBT),Richmond,TX,-95.76083197,29.58189201,Yes - Agency fetch URL available and in compliance with GTFS standards.,Public Domain,-95.760831969635,29.581892009721
852,60104,60104,City of Jonesboro,Jonesboro Economical Transportation (JET),Jonesboro,AR,-90.70381244,35.8403911,Yes - Agency fetch URL available and in compliance with GTFS standards.,Public Domain,-90.703812439736,35.8403911001026
853,60105,60105,City of Hot Springs,Hot Springs Intracity Transit (HSIT),Hot Springs National Park,AR,-93.05233169,34.5082248,Yes - Agency fetch URL available and in compliance with GTFS standards.,Public Domain,-93.052331690381,34.5082248002657
854,60108,60108,Harris County,Harris County Transit,Houston,TX,-95.35739697,29.76078902,Yes - Agency fetch URL available and in compliance with GTFS standards.,Public Domain,-95.3573969702475,29.7607890201439
855,60111,60111,Rio Metro Regional Transit District,Rio Metro Regional Transit District (RMRTD),Albuquerque,NM,-106.656412,35.08652801,Yes - Agency fetch URL available and in compliance with GTFS standards.,Public Domain,-106.656412000201,35.0865280096375
856,60113,60113,City of Cleburne,City/County Transportation (CCT),Cleburne,TX,-97.38383103,32.34773201,Yes - Agency fetch URL available and in compliance with GTFS standards.,Public Domain,-97.3838310303791,32.3477320098455
857,60114,60114,STAR Transit,STAR Transit (STAR),Terrell,TX,-96.27406797,32.718607,Yes - Agency fetch URL available and in compliance with GTFS standards.,Public Domain,-96.2740679698436,32.7186069999101
858,60118,60118,City of Edmond,Citylink,Edmond,OK,-97.48046559,35.65409569,Yes - Agency fetch URL available and in compliance with GTFS standards.,Public Domain,-97.4804655902693,35.6540956897117
859,60125,60125,City of Round Rock,Round Rock Transit,Round Rock,TX,-97.67677519,30.50842587,Yes - Agency fetch URL available and in compliance with GTFS standards.,Public Domain,-97.6767751901809,30.5084258700712
860,60129,60129,City of Conroe,Conroe Connection,Conroe,TX,-95.458443,30.31261501,Yes - Agency fetch URL available and in compliance with GTFS standards.,Public Domain,-95.4584430001911,30.3126150097538
861,60130,60130,Alamo Area Council of Governments,Alamo Regional Transit (ART),San Antonio,TX,-98.41005904,29.514551,Yes - Agency fetch URL available and in compliance with GTFS standards.,Public Domain,-98.4100590402804,29.5145509996663
862,60133,60133,McKinney Avenue Transit Authority,M-Line,Dallas,TX,-96.79966502,32.80251199,Yes - Agency fetch URL available and in compliance with GTFS standards.,Public Domain,-96.7996650201271,32.8025119902791
863,60134,60134,The Woodlands Township,"The Woodlands Express, Town Center Trolley",Spring,TX,-95.47974904,30.17708601,Yes - Agency fetch URL available and in compliance with GTFS standards.,Public Domain,-95.4797490399789,30.1770860101023
864,60138,60138,North Central Regional Transit District,North Central RTD (NCRTD),Espanola,NM,-106.063855,36.01141499,Yes - Agency fetch URL available and in compliance with GTFS standards.,Public Domain,-106.063855000255,36.0114149902687
865,60145,60145,Ark-Tex Council of Governments,Ark Tex Council of Governments (ATCOG),Texarkana,TX,-94.04881299,33.46487701,Yes - Agency fetch URL available and in compliance with GTFS standards.,Public Domain,-94.0488129903718,33.4648770096646
866,60147,60147,Kleberg County,Paisano Transit,Kingsville,TX,-97.85384198,27.52226901,Yes - Agency fetch URL available and in compliance with GTFS standards.,Public Domain,-97.8538419801881,27.522269010017
867,60151,60151,Grant County,Corre Caminos Transit,Silver City,NM,-108.26062,32.783581,Yes - Agency fetch URL available and in compliance with GTFS standards.,Public Domain,-108.260620000323,32.78358100023
868,60152,60152,City of Del Rio,City of Del Rio Transportation,Del Rio,TX,-100.900364,29.36095401,Yes - Agency fetch URL available and in compliance with GTFS standards.,Public Domain,-100.900363999677,29.3609540098755
869,60159,60159,"South Plains Community Action Association, Inc.",SPARTAN Public Transportation,Levelland,TX,-102.372557,33.58662201,Yes - Agency fetch URL available and in compliance with GTFS standards.,Public Domain,-102.372556999592,33.5866220099598
870,60160,60160,OSU-Stillwater Community Transit,The Bus,Stillwater,OK,-97.07056704,36.12259402,Yes - Agency fetch URL available and in compliance with GTFS standards.,Public Domain,-97.070567039936,36.1225940201123
871,60161,60161,City of Eureka Springs,Eureka Springs Transit (EST),Eureka Springs,AR,-93.74484852,36.39513661,Yes - Agency fetch URL available and in compliance with GTFS standards.,Public Domain,-93.74484851965,36.3951366100376
872,60167,60167,City of Roswell,Roswell Transit,Roswell,NM,-104.524086,33.39724599,Yes - Agency fetch URL available and in compliance with GTFS standards.,Public Domain,-104.524086000428,33.3972459897523
873,60173,60173,City of South Padre Island,Island Metro,South Padre Island,TX,-97.17023197,26.11871098,Yes - Agency fetch URL available and in compliance with GTFS standards.,Public Domain,-97.1702319703174,26.1187109800129
874,60179,60179,El Paso County,El Paso County Transit,El Paso,TX,-106.484222,31.75829399,Yes - Agency fetch URL available and in compliance with GTFS standards.,Public Domain,-106.484222000378,31.7582939898438
875,60184,60184,City of Carlsbad,Carlsbad Municipal Transit System (CMTS),Carlsbad,NM,-104.23052,32.42064099,Yes - Agency fetch URL available and in compliance with GTFS standards.,Public Domain,-104.230519999837,32.4206409899775
876,60185,60185,Webb County,El Aguila Rural Transit,Laredo,TX,-99.50666862,27.50885885,Yes - Agency fetch URL available and in compliance with GTFS standards.,Public Domain,-99.5066686198795,27.508858849949
877,60186,60186,East Texas Council of Governments,GoBus,Kilgore,TX,-94.83271498,32.380959,Yes - Agency fetch URL available and in compliance with GTFS standards.,Public Domain,-94.8327149798451,32.3809589997343
878,60190,60190,City of Hobbs,Hobbs Express,Hobbs,NM,-103.134422,32.70110902,Yes - Agency fetch URL available and in compliance with GTFS standards.,Public Domain,-103.134422000013,32.7011090196785
879,60196,60196,Tangipahoa Voluntary Council on Aging,Tangipahoa Public Transportation,Amite,LA,-90.5052353,30.72685366,Yes - Agency fetch URL available and in compliance with GTFS standards.,Public Domain,-90.5052352998077,30.7268536601046
880,60203,60203,Muskogee County Public Transit Authority,Muskogee County Transit (MCT),Muskogee,OK,-95.30568801,35.74951098,Yes - Agency fetch URL available and in compliance with GTFS standards.,Public Domain,-95.3056880102174,35.7495109799819
881,60206,60206,"Zia Therapy Center, Inc.",ZTrans,Alamogordo,NM,-105.950575,32.88960302,Yes - Agency fetch URL available and in compliance with GTFS standards.,Public Domain,-105.950575000408,32.889603019934
882,60214,60214,Logan County Historical Society,First Capital Trolley,Guthrie,OK,-97.42293798,35.85128718,Yes - Agency fetch URL available and in compliance with GTFS standards.,Public Domain,-97.4229379798359,35.8512871803366
883,60215,60215,Incorporated County of Los Alamos,Atomic City Transit (ACT),Los Alamos,NM,-106.296332,35.88167201,Yes - Agency fetch URL available and in compliance with GTFS standards.,Public Domain,-106.296331999706,35.8816720096987
884,60224,60224,The Community Pantry,Gallup Express (GE),Gallup,NM,-108.725392,35.53464701,Yes - Agency fetch URL available and in compliance with GTFS standards.,Public Domain,-108.725391999649,35.5346470098184
885,60238,60238,Colorado Valley Transit District,Colorado Valley Transit (CVT),Columbus,TX,-96.56382869,29.70499277,Yes - Agency fetch URL available and in compliance with GTFS standards.,Public Domain,-96.563828689823,29.7049927701564
886,60256,60256,Southwest Area Regional Transit District,Southwest Area Regional Transit (SWART),Uvalde,TX,-99.77423901,29.21302498,Yes - Agency fetch URL available and in compliance with GTFS standards.,Public Domain,-99.7742390101835,29.2130249798819
887,60269,60269,Texas State University,Bobcat Shuttle,San Marcos,TX,-97.937443,29.88877402,Yes - Agency fetch URL available and in compliance with GTFS standards.,Public Domain,-97.937443000402,29.8887740201379
888,60273,60273,University of Texas Rio Grande Valley,"Vaquero Express, VOLT",Edinburg,TX,-98.17630896,26.30516202,Yes - Agency fetch URL available and in compliance with GTFS standards.,Public Domain,-98.1763089600871,26.3051620203027
889,60274,60274,South Texas College,JagExpress,Mcallen,TX,-98.25360796,26.21695401,Yes - Agency fetch URL available and in compliance with GTFS standards.,Public Domain,-98.253607959918,26.216954009753
890,60275,60275,Gulf Coast Transit District,Connect Transit,Texas City,TX,-94.94416496,29.397858,Yes - Agency fetch URL available and in compliance with GTFS standards.,Public Domain,-94.9441649596428,29.3978579996576
891,60276,60276,"Plaquemines Port, Harbor and Terminal District",Plaquemines Port Harbor and Terminal District (PPHTD),Belle Chasse,LA,-89.99188401,29.85929302,Yes - Agency fetch URL available and in compliance with GTFS standards.,Public Domain,-89.9918840098155,29.8592930198982
892,60278,60278,Texas A&M University,Texas A&M University,College Station,TX,-96.338355,30.623085,Yes - Agency fetch URL available and in compliance with GTFS standards.,Public Domain,-96.3383550003448,30.6230850003091
893,66170,66170,Muscogee (Creek) Nation,Muscogee (Creek) Nation Transit,Okmulgee,OK,-95.96055672,35.63897429,Yes - Agency fetch URL available and in compliance with GTFS standards.,Public Domain,-95.9605567199151,35.6389742901029
894,66194,66194,Cheyenne and Arapaho Tribes,Cheyenne and Arapaho Tribal Transit (CATT),Concho,OK,-97.99048807,35.60762295,Yes - Agency fetch URL available and in compliance with GTFS standards.,Public Domain,-97.9904880696699,35.6076229498109
895,66242,66242,Zuni Pueblo,A:Shiwi Transit,Zuni,NM,-108.8476096,35.06949977,Yes - Agency fetch URL available and in compliance with GTFS standards.,Public Domain,-108.847609599667,35.0694997696967
896,66271,66271,Capital Area Rural Transportation System,CARTS Interurban Coach,Cedar Creek,TX,-97.52649496,30.17849999,Yes - Agency fetch URL available and in compliance with GTFS standards.,Public Domain,-97.5264949600003,30.1784999898676
897,66276,66276,McLennan County,McLennan County Rural Transit,Waco,TX,-97.12936299,31.55964502,Yes - Agency fetch URL available and in compliance with GTFS standards.,Public Domain,-97.1293629898039,31.5596450203266
898,66283,66283,South Central Regional Transit District,South Central Regional Transit District (SCRTD),Anthony,NM,-106.606015,32.00865301,Yes - Agency fetch URL available and in compliance with GTFS standards.,Public Domain,-106.606014999999,32.0086530102113
899,66341,66341,City of Norman,EMBARK Norman,Norman,OK,-97.44610396,35.22299599,Yes - Agency fetch URL available and in compliance with GTFS standards.,Public Domain,-97.4461039598599,35.222995990209
900,66343,66343,City of San Marcos,San Marcos Transit,San Marcos,TX,-97.92479232,29.88495687,Yes - Agency fetch URL available and in compliance with GTFS standards.,Public Domain,-97.9247923200048,29.8849568699236
901,70001,70001,City of Lincoln,StarTran,Lincoln,NE,-96.70771898,40.80878801,Yes - Agency fetch URL available and in compliance with GTFS standards.,Public Domain,-96.7077189797072,40.8087880100088
902,70002,70002,Transit Authority of Omaha,Metro,Omaha,NE,-95.94496797,41.269215,Yes - Agency fetch URL available and in compliance with GTFS standards.,Public Domain,-95.9449679700239,41.2692149998892
903,70003,70003,City of Springfield,City Utilities Transit,Springfield,MO,-93.29062702,37.21807,Yes - Agency fetch URL available and in compliance with GTFS standards.,Public Domain,-93.2906270204347,37.2180700000244
904,70004,70004,Winnebago Tribe of Nebraska,Winnebago Tribal Transit,Winnebago,NE,-96.47225483,42.23462888,Yes - Agency fetch URL available and in compliance with GTFS standards.,Public Domain,-96.4722548304085,42.2346288801076
905,70005,70005,Kansas City Area Transportation Authority,Kansas City Area Transportation Authority (KCATA),Kansas City,MO,-94.566595,39.09248399,Yes - Agency fetch URL available and in compliance with GTFS standards.,Public Domain,-94.5665950004156,39.092483989782
906,70006,70006,Bi State Development Agency of the Missouri Illinois Metropolitan District,Metro St. Louis,Saint Louis,MO,-90.18984001,38.62752201,Yes - Agency fetch URL available and in compliance with GTFS standards.,Public Domain,-90.1898400096406,38.6275220101372
907,70007,70007,City of Bettendorf,Bettendorf Transit (BT),Bettendorf,IA,-90.50951397,41.52490701,Yes - Agency fetch URL available and in compliance with GTFS standards.,Public Domain,-90.509513970116,41.524907009972
908,70008,70008,City of Cedar Rapids,Cedar Rapids Transit (CRT),Cedar Rapids,IA,-91.66973265,41.97740963,Yes - Agency fetch URL available and in compliance with GTFS standards.,Public Domain,-91.6697326504175,41.9774096299178
909,70009,70009,City of Davenport,Davenport Citibus,Davenport,IA,-90.57664003,41.52383098,Yes - Agency fetch URL available and in compliance with GTFS standards.,Public Domain,-90.5766400299529,41.5238309801143
910,70010,70010,Des Moines Area Regional Transit Authority,Des Moines Area Regional Transit (DART),Des Moines,IA,-93.62445601,41.58348398,Yes - Agency fetch URL available and in compliance with GTFS standards.,Public Domain,-93.6244560097265,41.5834839800898
911,70011,70011,City of Dubuque,The Jule,Dubuque,IA,-90.66784402,42.50518299,Yes - Agency fetch URL available and in compliance with GTFS standards.,Public Domain,-90.6678440197273,42.5051829902804
912,70012,70012,City of Sioux City,Sioux City Transit System (SCTS),Sioux City,IA,-96.40388898,42.49558001,Yes - Agency fetch URL available and in compliance with GTFS standards.,Public Domain,-96.4038889795969,42.4955800100508
913,70013,70013,Metropolitan Transit Authority of Black Hawk County,MET Transit,Waterloo,IA,-92.328508,42.48949601,Yes - Agency fetch URL available and in compliance with GTFS standards.,Public Domain,-92.3285080003352,42.4894960102761
914,70014,70014,Topeka Metropolitan Transit Authority,Topeka Metro,Topeka,KS,-95.67024204,39.06075501,Yes - Agency fetch URL available and in compliance with GTFS standards.,Public Domain,-95.6702420403411,39.0607550099862
915,70015,70015,City of Wichita,Wichita Transit (WT),Wichita,KS,-97.339561,37.69275599,Yes - Agency fetch URL available and in compliance with GTFS standards.,Public Domain,-97.3395610003522,37.6927559896553
916,70016,70016,City of Columbia,GoCOMO,Columbia,MO,-92.32937201,38.95182698,Yes - Agency fetch URL available and in compliance with GTFS standards.,Public Domain,-92.3293720098569,38.9518269801239
917,70018,70018,City of Iowa City,Iowa City Transit (ICT),Iowa City,IA,-91.52958975,41.66044436,Yes - Agency fetch URL available and in compliance with GTFS standards.,Public Domain,-91.5295897501147,41.6604443598961
918,70019,,University of Iowa,CAMBUS,Iowa City,IA,-91.53646887,41.66244607,No - Agency data not available due to processing or GTFS standard compliance errors.,Public Domain,-91.5364688697957,41.6624460700275
919,70030,70030,City of Coralville,Coralville Transit System (CTS),Coralville,IA,-91.5833553,41.67803382,Yes - Agency fetch URL available and in compliance with GTFS standards.,Public Domain,-91.5833552996815,41.6780338203344
920,70032,70032,"City of St. Joseph, Missouri",St Joseph Transit,Saint Joseph,MO,-94.846697,39.768588,Yes - Agency fetch URL available and in compliance with GTFS standards.,Public Domain,-94.8466970003242,39.7685880002502
921,70035,70035,Johnson County Kansas,Johnson County Transit (JCT),Olathe,KS,-94.82004003,38.881471,Yes - Agency fetch URL available and in compliance with GTFS standards.,Public Domain,-94.8200400296639,38.8814709996902
922,70040,70040,City of Joplin,Metro Area Public Transit System,Joplin,MO,-94.51377602,37.085274,Yes - Agency fetch URL available and in compliance with GTFS standards.,Public Domain,-94.5137760200367,37.0852740000258
923,70041,70041,Ames Transit Agency,CyRide,Ames,IA,-93.63254186,42.01746685,Yes - Agency fetch URL available and in compliance with GTFS standards.,Public Domain,-93.6325418596849,42.0174668501786
924,70043,70043,City of Jefferson,JEFFTRAN,Jefferson City,MO,-92.170402,38.57314299,Yes - Agency fetch URL available and in compliance with GTFS standards.,Public Domain,-92.1704020004373,38.5731429901531
925,70044,70044;70048,University of Kansas,KU Transportation Services (KUTS),Lawrence,KS,-95.2476797,38.95857957,Yes - Agency fetch URL available and in compliance with GTFS standards.,Public Domain,-95.2476796995974,38.9585795696579
926,70046,70046,City of Independence,IndeBus,Independence,MO,-94.4137598,39.09258122,Yes - Agency fetch URL available and in compliance with GTFS standards.,Public Domain,-94.4137597998703,39.0925812203433
927,70047,70047,"Unified Government of Wyandotte County and Kansas City, KS",RideKC,Kansas City,KS,-94.62595497,39.113267,Yes - Agency fetch URL available and in compliance with GTFS standards.,Public Domain,-94.6259549701111,39.1132669998545
928,70048,70044;70048,City of Lawrence,Lawrence Transit,Lawrence,KS,-95.23560968,38.97339638,Yes - Agency fetch URL available and in compliance with GTFS standards.,Public Domain,-95.2356096803184,38.9733963801018
929,70050,70050,Southeast Missouri State University,Southeast Transit Service,Cape Girardeau,MO,-89.53107296,37.31267499,Yes - Agency fetch URL available and in compliance with GTFS standards.,Public Domain,-89.5310729601561,37.3126749902369
930,70051,70051,Cape Girardeau County Transit Authority,County Transit Authority (CTA),Cape Girardeau,MO,-89.53112702,37.30694801,Yes - Agency fetch URL available and in compliance with GTFS standards.,Public Domain,-89.5311270198716,37.306948009994
931,70053,70053,"Flint Hills Area Transportation Agency, Inc",ATABUS,Manhattan,KS,-96.65436565,39.2484008,Yes - Agency fetch URL available and in compliance with GTFS standards.,Public Domain,-96.6543656499562,39.2484008001039
932,70057,70057,Loop Trolley Transportation Development District,Metro St. Louis,Saint Louis,MO,-90.28966403,38.654808,Yes - Agency fetch URL available and in compliance with GTFS standards.,Public Domain,-90.2896640298621,38.6548079997332
933,70060,70060,"Developmental Services of Northwest Kansas, Inc.",Access Transportation,Hays,KS,-99.31482203,38.87869299,Yes - Agency fetch URL available and in compliance with GTFS standards.,Public Domain,-99.3148220299624,38.8786929902631
934,70070,70070,Finney County,Finney County Public Transit,Garden City,KS,-100.878078,37.97365599,Yes - Agency fetch URL available and in compliance with GTFS standards.,Public Domain,-100.878078000322,37.9736559897121
935,70078,70078,Southeast Kansas Community Action Program,Southeast Kansas Community Action Program (SEK-CAP),Girard,KS,-94.83410897,37.51531399,Yes - Agency fetch URL available and in compliance with GTFS standards.,Public Domain,-94.8341089702316,37.5153139896952
936,70092,70092,City of Marshalltown,Marshalltown Municipal Transit (MMT),Marshalltown,IA,-92.90614,42.05038,Yes - Agency fetch URL available and in compliance with GTFS standards.,Public Domain,-92.9061400002822,42.050379999942
937,70101,70101,City of Muscatine,MuscaBus,Muscatine,IA,-91.044614,41.42270999,Yes - Agency fetch URL available and in compliance with GTFS standards.,Public Domain,-91.0446140004479,41.4227099900562
938,70108,70108,City of Fort Dodge,Dodger Area Rapid Transit (DART),Fort Dodge,IA,-94.18629196,42.50394398,Yes - Agency fetch URL available and in compliance with GTFS standards.,Public Domain,-94.1862919600557,42.5039439802133
939,70111,70111,City of Burlington,Burlington Urban Service (BUS),Burlington,IA,-91.14437902,40.80856501,Yes - Agency fetch URL available and in compliance with GTFS standards.,Public Domain,-91.1443790202198,40.8085650102099
940,70138,70138,East Central Iowa Council of Governments,Corridor Rides,Cedar Rapids,IA,-91.65536808,41.99494457,Yes - Agency fetch URL available and in compliance with GTFS standards.,Public Domain,-91.6553680796797,41.994944569785
941,70139,70139,City of Dodge City,Dodge City Public Transportation,Dodge City,KS,-100.018665,37.75605499,Yes - Agency fetch URL available and in compliance with GTFS standards.,Public Domain,-100.018664999793,37.7560549900472
942,70145,70145,"OCCK, Inc.","OCCK Transportation, Salina CityGo ",Salina,KS,-97.63366204,38.78416201,Yes - Agency fetch URL available and in compliance with GTFS standards.,Public Domain,-97.6336620402213,38.7841620100958
943,70156,,Community Concern,North Fork Area Transit (NFAT),Norfolk,NE,-97.41112761,42.03545365,No - Agency data not available due to processing or GTFS standard compliance errors.,Public Domain,-97.4111276096066,42.0354536497883
944,70162,70162,City of Excelsior Springs,City of Excelsior Springs Transportation Department,Excelsior Springs,MO,-94.22187004,39.34094301,Yes - Agency fetch URL available and in compliance with GTFS standards.,Public Domain,-94.2218700396155,39.3409430101196
945,70173,70173,City of Clinton,Clinton MTA,Clinton,IA,-90.19042297,41.83962401,Yes - Agency fetch URL available and in compliance with GTFS standards.,Public Domain,-90.1904229704459,41.8396240100441
946,70180,70180,Reno County,Reno County Area Transit (RCAT),Hutchinson,KS,-97.93639601,38.05387298,Yes - Agency fetch URL available and in compliance with GTFS standards.,Public Domain,-97.936396010345,38.0538729801329
947,70183,70183,Scotts Bluff Public Transit,Tri City Roadrunner,Gering,NE,-103.660888,41.826953,Yes - Agency fetch URL available and in compliance with GTFS standards.,Public Domain,-103.660887999654,41.8269529999351
948,70200,70200,Kimball County Public Transit,Kimball County Transit Service (KCTS),Kimball,NE,-103.662014,41.23530899,Yes - Agency fetch URL available and in compliance with GTFS standards.,Public Domain,-103.662014000133,41.235308990242
949,70227,70227,City of Liberal,Liberal City Bus,Liberal,KS,-100.922618,37.041456,Yes - Agency fetch URL available and in compliance with GTFS standards.,Public Domain,-100.922618000143,37.041456000064
950,70242,70242,10-15 Regional Transit Agency,10-15 Transit,Ottumwa,IA,-92.38697404,41.00091401,Yes - Agency fetch URL available and in compliance with GTFS standards.,Public Domain,-92.3869740403217,41.0009140096702
951,70248,70248,Lyon County,Lyon County Area Transportation (LCAT),Emporia,KS,-96.17982001,38.40316499,Yes - Agency fetch URL available and in compliance with GTFS standards.,Public Domain,-96.1798200099829,38.4031649900618
952,70260,70260,City of Mason City,Mason City Transit (MCT),Mason City,IA,-93.20145497,43.15293999,Yes - Agency fetch URL available and in compliance with GTFS standards.,Public Domain,-93.2014549704257,43.1529399898852
953,70271,70271,"Kansas City, City of Missouri",Kansas City Streetcar,Kansas City,MO,-94.57791703,39.100618,Yes - Agency fetch URL available and in compliance with GTFS standards.,Public Domain,-94.5779170302868,39.1006179997975
954,77086,77086,New Bourbon Regional Port Authority,Sainte Genevieve – Modoc Ferry,Perryville,MO,-89.86261897,37.72467801,Yes - Agency fetch URL available and in compliance with GTFS standards.,Public Domain,-89.8626189700865,37.7246780096633
955,80001,80001,Utah Transit Authority,Utah Transit Authority (UTA),Salt Lake City,UT,-111.910611,40.762875,Yes - Agency fetch URL available and in compliance with GTFS standards.,Public Domain,-111.910611000143,40.7628749998832
956,80002,80002,City of Sioux Falls,Sioux Area Metro (SAM),Sioux Falls,SD,-96.72939164,43.54765643,Yes - Agency fetch URL available and in compliance with GTFS standards.,Public Domain,-96.7293916399287,43.5476564296982
957,80003,80003,City of Fargo,Metropolitan Area Transit (MATBUS),Fargo,ND,-96.78288847,46.87847329,Yes - Agency fetch URL available and in compliance with GTFS standards.,Public Domain,-96.7828884701564,46.878473289997
958,80004,80004,City of Billings,Billings Metropolitan Transit System,Billings,MT,-108.5583657,45.76299197,Yes - Agency fetch URL available and in compliance with GTFS standards.,Public Domain,-108.558365700234,45.762991969816
959,80005,80005,City of Colorado Springs,Mountain Metro Transit (MMT),Colorado Springs,CO,-104.804998,38.81877101,Yes - Agency fetch URL available and in compliance with GTFS standards.,Public Domain,-104.804998000449,38.8187710096664
960,80006,80006,Denver Regional Transportation District,RTD-Denver,Denver,CO,-104.998276,39.750856,Yes - Agency fetch URL available and in compliance with GTFS standards.,Public Domain,-104.998276000075,39.7508559997097
961,80007,80007,City of Pueblo,Pueblo Transit (PT),Pueblo,CO,-104.611227,38.26571301,Yes - Agency fetch URL available and in compliance with GTFS standards.,Public Domain,-104.611227000004,38.2657130101825
962,80008,80008,City of Grand Forks,Cities Area Transit (CAT),Grand Forks,ND,-97.03478897,47.92587499,Yes - Agency fetch URL available and in compliance with GTFS standards.,Public Domain,-97.0347889702411,47.9258749899965
963,80009,80009,Missoula Urban Transportation District,Mountain Line,Missoula,MT,-114.0101469,46.88389248,Yes - Agency fetch URL available and in compliance with GTFS standards.,Public Domain,-114.010146900231,46.8838924798969
964,80010,80010,"Greeley, City Of",Greeley Evans Transit (GET),Greeley,CO,-104.695383,40.42223299,Yes - Agency fetch URL available and in compliance with GTFS standards.,Public Domain,-104.695383000299,40.422232989922
965,80011,80011,City of Fort Collins,Transfort,Fort Collins,CO,-105.081574,40.58987998,Yes - Agency fetch URL available and in compliance with GTFS standards.,Public Domain,-105.081573999679,40.5898799797435
966,80012,80012,Great Falls Transit District,Great Falls Transit District (GFTD),Great Falls,MT,-111.2391231,47.51899482,Yes - Agency fetch URL available and in compliance with GTFS standards.,Public Domain,-111.239123100159,47.5189948199386
967,80013,80013,City of Casper,Casper Area Transit,Casper,WY,-106.3271485,42.85151858,Yes - Agency fetch URL available and in compliance with GTFS standards.,Public Domain,-106.327148499813,42.8515185797033
968,80014,80014,City of Rapid City,Rapid Transit System (RTS),Rapid City,SD,-103.225646,44.08275,Yes - Agency fetch URL available and in compliance with GTFS standards.,Public Domain,-103.22564599976,44.0827499999905
969,80016,80016,County of Mesa,Grand Valley Transit (GVT),Grand Junction,CO,-108.5632,39.068907,Yes - Agency fetch URL available and in compliance with GTFS standards.,Public Domain,-108.563200000105,39.0689069999994
970,80018,80018,Fort Peck Tribes,Fort Peck Transit,Wolf Point,MT,-105.6480338,48.08516053,Yes - Agency fetch URL available and in compliance with GTFS standards.,Public Domain,-105.648033799761,48.0851605302391
971,80019,80019,Bis-Man Transit Board,Bis-Man Transit,Bismarck,ND,-100.7336983,46.81058922,Yes - Agency fetch URL available and in compliance with GTFS standards.,Public Domain,-100.733698300186,46.8105892200408
972,80020,80020,The City of Cheyenne,Cheyenne Transit Program (CTP),Cheyenne,WY,-104.821519,41.135412,Yes - Agency fetch URL available and in compliance with GTFS standards.,Public Domain,-104.821519000382,41.1354119998255
973,80025,80025,"City of Loveland, Colorado",City of Loveland Transit (COLT),Loveland,CO,-105.069122,40.39413002,Yes - Agency fetch URL available and in compliance with GTFS standards.,Public Domain,-105.069121999674,40.3941300198021
974,80026,80026,City of St. George,SunTran,Saint George,UT,-113.563267,37.11255202,Yes - Agency fetch URL available and in compliance with GTFS standards.,Public Domain,-113.563267000354,37.1125520199723
975,80028,80028,Cache Valley Transit District,Cache Valley Transit District (CVTD),North Logan,UT,-111.853371,41.74274199,Yes - Agency fetch URL available and in compliance with GTFS standards.,Public Domain,-111.85337099972,41.7427419901441
976,80107,80107,University of Montana,ASUM Transportation,Missoula,MT,-113.9809954,46.86036008,Yes - Agency fetch URL available and in compliance with GTFS standards.,Public Domain,-113.980995399655,46.8603600799417
977,80119,80119,City of Black Hawk,The Black Hawk & Central City Tramway,Black Hawk,CO,-105.494915,39.801708,Yes - Agency fetch URL available and in compliance with GTFS standards.,Public Domain,-105.494915000183,39.8017079998587
978,80121,80121,Fremont County Association of Governments,Wind River Transportation Authority,Riverton,WY,-108.450431,43.05251231,Yes - Agency fetch URL available and in compliance with GTFS standards.,Public Domain,-108.450430999721,43.0525123102249
979,80140,80140,University of Wyoming,UWYO Transportation Services,Laramie,WY,-105.5830113,41.31218542,Yes - Agency fetch URL available and in compliance with GTFS standards.,Public Domain,-105.583011299673,41.3121854197719
980,80150,80150,Gunnison Valley Rural Transportation Authority,Gunnison Valley RTA (GVRTA),Crested Butte,CO,-106.924912,38.546123,Yes - Agency fetch URL available and in compliance with GTFS standards.,Public Domain,-106.924912000399,38.5461229998042
981,80159,80159,Mountain Express,Mountain Express,Crested Butte,CO,-106.976881,38.87467299,Yes - Agency fetch URL available and in compliance with GTFS standards.,Public Domain,-106.976881000246,38.8746729900881
982,80161,80161,Summit County,Summit Stage,Breckenridge,CO,-106.044494,39.48249701,Yes - Agency fetch URL available and in compliance with GTFS standards.,Public Domain,-106.044493999907,39.4824970098623
983,80169,80169,Toole County,Northern Transit Interlocal,Shelby,MT,-111.8587249,48.50446448,Yes - Agency fetch URL available and in compliance with GTFS standards.,Public Domain,-111.858724900423,48.5044644797435
984,80170,80170,Town of Breckenridge,Free Ride,Breckenridge,CO,-106.051,39.49933202,Yes - Agency fetch URL available and in compliance with GTFS standards.,Public Domain,-106.050999999843,39.4993320199538
985,80174,80174,Silver Bow County,Butte Silver Bow Transit,Butte,MT,-112.5384823,46.0143813,Yes - Agency fetch URL available and in compliance with GTFS standards.,Public Domain,-112.538482300145,46.0143812997206
986,80186,80186,City of Steamboat Springs,Steamboat Springs Transit (SST),Steamboat Springs,CO,-106.836486,40.48819199,Yes - Agency fetch URL available and in compliance with GTFS standards.,Public Domain,-106.836486000335,40.4881919896697
987,80188,80188,Southern Teton Area Rapid Transit,START Bus,Jackson,WY,-110.75982,43.47443496,Yes - Agency fetch URL available and in compliance with GTFS standards.,Public Domain,-110.759820000408,43.4744349601728
988,80189,80189,"Southern Colorado Community Action Agency, Inc.",Road Runner Transit,Ignacio,CO,-107.640438,37.122716,Yes - Agency fetch URL available and in compliance with GTFS standards.,Public Domain,-107.640437999776,37.1227160001072
989,80193,80193,Senior Citizens Council,Goose Creek Transit (GCT),Sheridan,WY,-106.958543,44.79954702,Yes - Agency fetch URL available and in compliance with GTFS standards.,Public Domain,-106.958543000445,44.7995470199642
990,80204,80204,Opportunity Link,North Central Montana Transit (NCMT),Havre,MT,-109.6779921,48.55147492,Yes - Agency fetch URL available and in compliance with GTFS standards.,Public Domain,-109.677992099994,48.5514749202902
991,80206,80206,City of Durango,Durango Transit,Durango,CO,-107.879415,37.273978,Yes - Agency fetch URL available and in compliance with GTFS standards.,Public Domain,-107.879415000213,37.2739780003506
992,80221,80221,Northeastern Colorado Association of Local Governments,"County Express, Prairie Express",Fort Morgan,CO,-103.801562,40.24892193,Yes - Agency fetch URL available and in compliance with GTFS standards.,Public Domain,-103.801562000122,40.2489219298044
993,80235,80235,"Human Resource Development Council District IX, Inc.",Streamline,Bozeman,MT,-111.0366265,45.67871784,Yes - Agency fetch URL available and in compliance with GTFS standards.,Public Domain,-111.036626500154,45.6787178400955
994,80248,80248,Cedar City,Cedar Area Transportation (CATS),Cedar City,UT,-113.061235,37.67771701,Yes - Agency fetch URL available and in compliance with GTFS standards.,Public Domain,-113.061235000372,37.6777170102749
995,80255,80255,Big Sky Transportation District,Skyline,Big Sky,MT,-111.2923835,45.26802969,Yes - Agency fetch URL available and in compliance with GTFS standards.,Public Domain,-111.292383500092,45.2680296897362
996,80256,80256,Town of Mountain Village,Mountain Village Transit,Telluride,CO,-107.853941,37.93228798,Yes - Agency fetch URL available and in compliance with GTFS standards.,Public Domain,-107.85394100029,37.9322879796462
997,80258,80258,City of Glenwood Springs,Ride Glenwood Springs (RGS),Glenwood Springs,CO,-107.3274843,39.54680729,Yes - Agency fetch URL available and in compliance with GTFS standards.,Public Domain,-107.327484300008,39.5468072896548
998,80260,80260,Uintah Basin Association of Governments,Basin Transit Association (BTA),Roosevelt,UT,-109.986466,40.29770498,Yes - Agency fetch URL available and in compliance with GTFS standards.,Public Domain,-109.986466000254,40.2977049799487
999,80263,80263,Town of Snowmass Village,Village Shuttle,Snowmass Village,CO,-106.954121,39.20738299,Yes - Agency fetch URL available and in compliance with GTFS standards.,Public Domain,-106.95412100034,39.2073829898383
1000,80267,,"Senior Resource Development Agency, Pueblo, Inc.",SRDA Transportation Service,Pueblo,CO,-104.610535,38.26646298,No - Agency data not available due to processing or GTFS standard compliance errors.,Public Domain,-104.610534999893,38.2664629797019
1001,80275,80275,City of Cripple Creek,Cripple Creek Transit,Cripple Creek,CO,-105.2006439,38.79260293,Yes - Agency fetch URL available and in compliance with GTFS standards.,Public Domain,-105.200643900247,38.7926029299485
1002,80280,80280,Archuleta County,Mountain Express Transit (MET),Pagosa Springs,CO,-107.010983,37.26877502,Yes - Agency fetch URL available and in compliance with GTFS standards.,Public Domain,-107.010982999572,37.2687750197312
1003,80284,80284,Park City Municipal Corporation,Park City Transit (PCT),Park City,UT,-111.504324,40.65801299,Yes - Agency fetch URL available and in compliance with GTFS standards.,Public Domain,-111.504323999747,40.6580129901229
1004,80285,80285,Via Mobility Services,Via,Boulder,CO,-105.211906,40.02754899,Yes - Agency fetch URL available and in compliance with GTFS standards.,CC-BY-3.0,-105.211905999912,40.0275489899284
1005,80289,80289,Roaring Fork Transportation Authority,Roaring Fork Transportation Authority (RFTA),Glenwood Springs,CO,-107.35625,39.55729501,Yes - Agency fetch URL available and in compliance with GTFS standards.,Public Domain,-107.356250000221,39.5572950101654
1006,80303,80303,City of Minot,Minot City Transit,Minot,ND,-101.300747,48.23379698,Yes - Agency fetch URL available and in compliance with GTFS standards.,Public Domain,-101.300746999836,48.2337969800298
1007,88116,88116,Northern Cheyenne Tribe,Northern Cheyenne Tribal Transit Program ,Lame Deer,MT,-106.665805,45.619365,Yes - Agency fetch URL available and in compliance with GTFS standards.,Public Domain,-106.665805000408,45.6193649999409
1008,88122,88122,Oglala Sioux Tribe,Oglala Sioux Transit,Pine Ridge,SD,-102.5581784,43.02550101,Yes - Agency fetch URL available and in compliance with GTFS standards.,Public Domain,-102.558178400236,43.0255010097493
1009,88134,88134,Confederated Salish and Kootenai Tribes,CSKT Transit,Pablo,MT,-114.1150381,47.59575935,Yes - Agency fetch URL available and in compliance with GTFS standards.,Public Domain,-114.115038099578,47.5957593500047
1010,88164,88164,Chippewa Cree Tribe,Rocky Boy Transit,Box Elder,MT,-109.7830399,48.26259358,Yes - Agency fetch URL available and in compliance with GTFS standards.,Public Domain,-109.783039899949,48.2625935801722
1011,88170,88170,Fort Belknap Indian Community,Fort Belknap Transit ,Harlem,MT,-108.7627114,48.48121777,Yes - Agency fetch URL available and in compliance with GTFS standards.,Public Domain,-108.762711399607,48.4812177701925
1012,88188,,Crow Tribe of Indians,Crow Nation Transit,Crow Agency,MT,-107.4537975,45.58282388,No - Agency data not available due to processing or GTFS standard compliance errors.,Public Domain,-107.453797499968,45.5828238797424
1013,88194,88194,Yankton Sioux Tribe,Ihanktowan Transit,Wagner,SD,-98.2900843,43.10476905,Yes - Agency fetch URL available and in compliance with GTFS standards.,Public Domain,-98.2900842999647,43.1047690500343
1014,88200,88200,Ute Tribe,Ute Tribe Transit,Fort Duchesne,UT,-109.8253107,40.28747046,Yes - Agency fetch URL available and in compliance with GTFS standards.,Public Domain,-109.825310699667,40.2874704601997
1015,88215,88215,"Montrose County Senior Citizens Transportation, Inc.",All Points Transit (APT),Montrose,CO,-107.8712495,38.47045315,Yes - Agency fetch URL available and in compliance with GTFS standards.,Public Domain,-107.871249500232,38.470453149762
1016,88225,88225,Town of Winter Park,The Lift,Winter Park,CO,-105.785715,39.91722802,Yes - Agency fetch URL available and in compliance with GTFS standards.,Public Domain,-105.785714999979,39.9172280201878
1017,88226,88226,Town of Telluride,Galloping Goose,Telluride,CO,-107.810741,37.93826998,Yes - Agency fetch URL available and in compliance with GTFS standards.,Public Domain,-107.81074100031,37.938269979809
1018,88228,88228,Town of Avon,Avon Transit,Avon,CO,-106.5298885,39.6338317,Yes - Agency fetch URL available and in compliance with GTFS standards.,Public Domain,-106.529888500142,39.6338316998026
1019,88230,88230,Teller Senior Coalition,TSC Transit,Divide,CO,-105.157147,38.94243099,Yes - Agency fetch URL available and in compliance with GTFS standards.,Public Domain,-105.15714699988,38.9424309898254
1020,88239,88239,High Valley Transit District,High Valley Transit (HVT),Park City,UT,-111.5460337,40.72443323,Yes - Agency fetch URL available and in compliance with GTFS standards.,Public Domain,-111.54603370006,40.7244332298701
1021,88281,88281,Town of Estes Park,The Peak,Estes Park,CO,-105.520455,40.37753599,Yes - Agency fetch URL available and in compliance with GTFS standards.,Public Domain,-105.520455000229,40.3775359896693
1022,88288,88288,"Disability Services, Inc.",Envida,Colorado Springs,CO,-104.78958,38.91272201,Yes - Agency fetch URL available and in compliance with GTFS standards.,Public Domain,-104.789579999632,38.9127220097118
1023,88293,88293,Park County,Windrider Transit,Livingston,MT,-110.5556693,45.66329853,Yes - Agency fetch URL available and in compliance with GTFS standards.,Public Domain,-110.55566930013,45.6632985302523
1024,88294,88294,San Miguel Authority for Regional Transportation,SMART,Telluride,CO,-107.876015,37.94671198,Yes - Agency fetch URL available and in compliance with GTFS standards.,Public Domain,-107.876014999932,37.9467119798334
1025,88298,88298,Town of Vail,Vail Transit,Vail,CO,-106.37993,39.64394399,Yes - Agency fetch URL available and in compliance with GTFS standards.,Public Domain,-106.379929999784,39.6439439902613
1026,88299,88299,Clear Creek County,RoundAbout,Georgetown,CO,-105.698419,39.70587401,Yes - Agency fetch URL available and in compliance with GTFS standards.,Public Domain,-105.698418999694,39.7058740101599
1027,88305,88305,Eagle Valley Transportation Authority,Core Transit,Gypsum,CO,-106.9437849,39.63952572,Yes - Agency fetch URL available and in compliance with GTFS standards.,Public Domain,-106.943784900239,39.6395257199932
1028,88306,88306,City of Moab,Moab Area Transit,Moab,UT,-109.5463744,38.57398186,Yes - Agency fetch URL available and in compliance with GTFS standards.,Public Domain,-109.546374400384,38.5739818597873
1029,90001,90001,Regional Transportation Commission of Washoe County,RTC RIDE,Reno,NV,-119.778235,39.515106,Yes - Agency fetch URL available and in compliance with GTFS standards.,Public Domain,-119.778234999847,39.5151059998224
1030,90002,90002,City and County of Honolulu,TheBus,Honolulu,HI,-157.855625,21.30139201,Yes - Agency fetch URL available and in compliance with GTFS standards.,Public Domain,-157.855625000414,21.3013920100416
1031,90003,90003,San Francisco Bay Area Rapid Transit District,Bay Area Rapid Transit (BART),Oakland,CA,-122.265403,37.81026801,Yes - Agency fetch URL available and in compliance with GTFS standards.,Public Domain,-122.26540300005,37.8102680101779
1032,90004,90004,Golden Empire Transit District,GET Bus,Bakersfield,CA,-119.025556,35.39266302,Yes - Agency fetch URL available and in compliance with GTFS standards.,Public Domain,-119.025555999944,35.3926630198934
1033,90005,90005,Navajo Nation,Navajo Transit System (NTS),Fort Defiance,AZ,-109.08318,35.78795,Yes - Agency fetch URL available and in compliance with GTFS standards.,Public Domain,-109.083179999901,35.7879499999446
1034,90006,90006,Santa Cruz Metropolitan Transit District,Santa Cruz METRO,Santa Cruz,CA,-122.032785,36.99070999,Yes - Agency fetch URL available and in compliance with GTFS standards.,Public Domain,-122.032785000134,36.9907099903087
1035,90008,90008,City of Santa Monica,Big Blue Bus (BBB),Santa Monica,CA,-118.491447,34.01184401,Yes - Agency fetch URL available and in compliance with GTFS standards.,Public Domain,-118.491447000017,34.0118440100158
1036,90009,90009,San Mateo County Transit District,SamTrans,San Carlos,CA,-122.261979,37.50645901,Yes - Agency fetch URL available and in compliance with GTFS standards.,Public Domain,-122.261979000378,37.5064590098692
1037,90010,90010,City of Torrance,Torrance Transit System (TTS),Torrance,CA,-118.342604,33.84562701,Yes - Agency fetch URL available and in compliance with GTFS standards.,Public Domain,-118.34260399973,33.8456270098667
1038,90011,90011,Reno-Sparks Indian Colony,Reno Sparks Indian Colony (RSIC),Reno,NV,-119.786456,39.52417401,Yes - Agency fetch URL available and in compliance with GTFS standards.,Public Domain,-119.786456000441,39.5241740099381
1039,90012,90012,San Joaquin Regional Transit District,San Joaquin RTD,Stockton,CA,-121.2855793,37.95462558,Yes - Agency fetch URL available and in compliance with GTFS standards.,Public Domain,-121.285579299612,37.9546255799495
1040,90013,90013,Santa Clara Valley Transportation Authority,Valley Transportation Authority,San Jose,CA,-121.93934,37.399906,Yes - Agency fetch URL available and in compliance with GTFS standards.,Public Domain,-121.939340000289,37.3999059997779
1041,90014,90014,Alameda-Contra Costa Transit District,AC Transit,Oakland,CA,-122.268537,37.80542302,Yes - Agency fetch URL available and in compliance with GTFS standards.,Public Domain,-122.268537000193,37.8054230197791
1042,90015,90015,City and County of San Francisco,Muni,San Francisco,CA,-122.418583,37.77486499,Yes - Agency fetch URL available and in compliance with GTFS standards.,Public Domain,-122.418583000053,37.7748649900053
1043,90016,90016,"Golden Gate Bridge, Highway and Transportation District",Golden Gate Transit,San Francisco,CA,-122.4782089,37.81607749,Yes - Agency fetch URL available and in compliance with GTFS standards.,Public Domain,-122.478208899819,37.8160774902984
1044,90017,90017,City of Santa Rosa,Santa Rosa CityBus,Santa Rosa,CA,-122.7111872,38.4377895,Yes - Agency fetch URL available and in compliance with GTFS standards.,Public Domain,-122.711187199622,38.4377895001063
1045,90019,90019,Sacramento Regional Transit District,Sacramento RT,Sacramento,CA,-121.4702053,38.56886193,Yes - Agency fetch URL available and in compliance with GTFS standards.,Public Domain,-121.470205300446,38.5688619296983
1046,90020,90020,Santa Barbara Metropolitan Transit District,Santa Barbara Metropolitan Transit District (SBMTD),Santa Barbara,CA,-119.689939,34.42315699,Yes - Agency fetch URL available and in compliance with GTFS standards.,Public Domain,-119.689939000378,34.4231569896443
1047,90022,90022,City of Norwalk,Norwalk Transit System (NTS),Norwalk,CA,-118.071871,33.91576598,Yes - Agency fetch URL available and in compliance with GTFS standards.,Public Domain,-118.071870999739,33.9157659801418
1048,90023,90023,Long Beach Transit,Long Beach Transit (LBT),Long Beach,CA,-118.16833,33.783585,Yes - Agency fetch URL available and in compliance with GTFS standards.,Public Domain,-118.168330000076,33.783584999653
1049,90026,90026,San Diego Metropolitan Transit System,San Diego Metropolitan Transit System (MTS),San Diego,CA,-117.154181,32.705765,Yes - Agency fetch URL available and in compliance with GTFS standards.,Public Domain,-117.154180999793,32.7057650000748
1050,90027,90027,City of Fresno,Fresno Area Express (FAX),Fresno,CA,-119.807161,36.74155302,Yes - Agency fetch URL available and in compliance with GTFS standards.,Public Domain,-119.80716099993,36.7415530202854
1051,90029,90029,Omnitrans,OMNI,San Bernardino,CA,-117.324299,34.10924801,Yes - Agency fetch URL available and in compliance with GTFS standards.,Public Domain,-117.324299000379,34.1092480099628
1052,90030,90030,North County Transit District,North County Transit District (NCTD),Oceanside,CA,-117.377239,33.197659,Yes - Agency fetch URL available and in compliance with GTFS standards.,Public Domain,-117.377238999997,33.1976590000617
1053,90031,90031,Riverside Transit Agency,Riverside Transit Agency (RTA),Riverside,CA,-117.351718,33.98397799,Yes - Agency fetch URL available and in compliance with GTFS standards.,Public Domain,-117.351718000217,33.9839779901265
1054,90032,90032;90034;90131;90136;90209,City of Phoenix,Valley Metro,Phoenix,AZ,-112.0755222,33.45165485,Yes - Agency fetch URL available and in compliance with GTFS standards.,Public Domain,-112.075522200052,33.4516548498042
1055,90033,90033,City of Tucson,Sun Tran,Tucson,AZ,-110.9748053,32.22260209,Yes - Agency fetch URL available and in compliance with GTFS standards.,Public Domain,-110.974805300192,32.2226020896207
1056,90034,90032;90034;90131;90136;90209,City of Glendale,Glendale Urban Shuttle,Glendale,AZ,-112.1851743,33.53896884,Yes - Agency fetch URL available and in compliance with GTFS standards.,Public Domain,-112.185174299725,33.5389688400943
1057,90035,90035,Gold Coast Transit District,Gold Coast Transit District (GCTD),Oxnard,CA,-119.148271,34.22884302,Yes - Agency fetch URL available and in compliance with GTFS standards.,Public Domain,-119.14827099983,34.228843020248
1058,90036,90036,Orange County Transportation Authority,Orange County Transportation Authority (OCTA),Orange,CA,-117.867952,33.77909499,Yes - Agency fetch URL available and in compliance with GTFS standards.,Public Domain,-117.867952000126,33.7790949899986
1059,90039,90039,City of Culver City,Culver CityBus,Culver City,CA,-118.395143,34.020781,Yes - Agency fetch URL available and in compliance with GTFS standards.,Public Domain,-118.395143000388,34.0207809996401
1060,90041,90041,City of Montebello,Montebello Bus Lines (MBL),Montebello,CA,-118.1129529,34.00704642,Yes - Agency fetch URL available and in compliance with GTFS standards.,Public Domain,-118.112952899839,34.0070464197832
1061,90042,90042,City of Gardena,GTrans,Gardena,CA,-118.310359,33.904603,Yes - Agency fetch URL available and in compliance with GTFS standards.,Public Domain,-118.310358999556,33.9046030003369
1062,90043,90043,City of Commerce,City of Commerce Transit (CCT),Commerce,CA,-118.155925,34.00080999,Yes - Agency fetch URL available and in compliance with GTFS standards.,Public Domain,-118.155924999926,34.0008099898501
1063,90044,90044,City of Arcadia,Arcadia Transit,Arcadia,CA,-118.038662,34.13763999,Yes - Agency fetch URL available and in compliance with GTFS standards.,Public Domain,-118.038662000365,34.137639990191
1064,90045,90045,Regional Transportation Commission of Southern Nevada,Regional Transportation Commission (RTC),Las Vegas,NV,-115.15524,36.16533913,Yes - Agency fetch URL available and in compliance with GTFS standards.,Public Domain,-115.155240000205,36.1653391302276
1065,90050,90050,City of Simi Valley,Simi Valley Transit (SVT),Simi Valley,CA,-118.719271,34.28806502,Yes - Agency fetch URL available and in compliance with GTFS standards.,Public Domain,-118.719271000282,34.2880650197931
1066,90052,90052,City of Corona,Corona Cruiser,Corona,CA,-117.575155,33.87886499,Yes - Agency fetch URL available and in compliance with GTFS standards.,Public Domain,-117.575154999639,33.8788649903295
1067,90061,90061,Yuba-Sutter Transit Authority,Yuba-Sutter Transit,Marysville,CA,-121.589305,39.15708202,Yes - Agency fetch URL available and in compliance with GTFS standards.,Public Domain,-121.589304999928,39.157082020007
1068,90062,90062,Monterey-Salinas Transit,Monterey Salinas Transit (MST),Monterey,CA,-121.809665,36.57629001,Yes - Agency fetch URL available and in compliance with GTFS standards.,Public Domain,-121.809665000007,36.5762900098591
1069,90078,90078,Central Contra Costa Transit Authority,County Connection,Concord,CA,-122.02876,38.01060799,Yes - Agency fetch URL available and in compliance with GTFS standards.,Public Domain,-122.028759999689,38.010607990117
1070,90079,90079,SunLine Transit Agency,SunLine,Thousand Palms,CA,-116.395565,33.81317501,Yes - Agency fetch URL available and in compliance with GTFS standards.,Public Domain,-116.395565000042,33.8131750097564
1071,90087,90087,City of Santa Maria,Santa Maria Regional Transit (SMRT),Santa Maria,CA,-120.435222,34.94926499,Yes - Agency fetch URL available and in compliance with GTFS standards.,Public Domain,-120.435221999867,34.9492649897794
1072,90088,90088,Napa Valley Transportation Authority,VINE Transit,Napa,CA,-122.280425,38.29754899,Yes - Agency fetch URL available and in compliance with GTFS standards.,Public Domain,-122.280425000134,38.2975489899412
1073,90089,90089,County of Sonoma,Sonoma County Transit (SCT),Santa Rosa,CA,-122.7252302,38.46573996,Yes - Agency fetch URL available and in compliance with GTFS standards.,Public Domain,-122.725230200438,38.4657399598649
1074,90090,90090,Yolo County Transportation District,Yolobus,Woodland,CA,-121.753436,38.67806401,Yes - Agency fetch URL available and in compliance with GTFS standards.,Public Domain,-121.753436000436,38.6780640101096
1075,90091,90091,City of Visalia,Visalia Transit (VT),Visalia,CA,-119.2886686,36.33172104,Yes - Agency fetch URL available and in compliance with GTFS standards.,Public Domain,-119.288668600363,36.3317210401611
1076,90092,90092,"City of Fairfield, California",FAST Transit,Fairfield,CA,-122.0442074,38.25247305,Yes - Agency fetch URL available and in compliance with GTFS standards.,Public Domain,-122.044207399671,38.2524730498558
1077,90093,90093,Redding Area Bus Authority,Redding Area Bus Authority (RABA),Redding,CA,-122.381541,40.57317602,Yes - Agency fetch URL available and in compliance with GTFS standards.,Public Domain,-122.381540999855,40.573176019839
1078,90119,90119,City of Laguna Beach,Laguna Beach Transit,Laguna Beach,CA,-117.781144,33.54548401,Yes - Agency fetch URL available and in compliance with GTFS standards.,Public Domain,-117.781143999737,33.5454840103321
1079,90121,90121,Antelope Valley Transit Authority,Antelope Valley Transit Authority (AVTA),Lancaster,CA,-118.13994,34.649813,Yes - Agency fetch URL available and in compliance with GTFS standards.,Public Domain,-118.13993999957,34.649812999664
1080,90131,90032;90034;90131;90136;90209,City of Scottsdale,Scottsdale Trolley,Scottsdale,AZ,-111.9209106,33.49447057,Yes - Agency fetch URL available and in compliance with GTFS standards.,Public Domain,-111.920910599897,33.4944705699677
1081,90134,90134,Peninsula Corridor Joint Powers Board,Caltrain,San Carlos,CA,-122.261979,37.50645901,Yes - Agency fetch URL available and in compliance with GTFS standards.,Public Domain,-122.261979000378,37.5064590098692
1082,90136,90032;90034;90131;90136;90209,Regional Public Transportation Authority,Valley Metro,Phoenix,AZ,-112.0755222,33.45165485,Yes - Agency fetch URL available and in compliance with GTFS standards.,Public Domain,-112.075522200052,33.4516548498042
1083,90142,90142,"University of California, Davis",Unitrans,Davis,CA,-121.729644,38.54327999,Yes - Agency fetch URL available and in compliance with GTFS standards.,Public Domain,-121.729643999762,38.5432799900222
1084,90144,90144,Livermore Amador Valley Transit Authority,Wheels ,Livermore,CA,-121.801109,37.69131598,Yes - Agency fetch URL available and in compliance with GTFS standards.,Public Domain,-121.801108999677,37.6913159799713
1085,90146,90146,Foothill Transit,Foothill Transit,West Covina,CA,-117.926079,34.07022401,Yes - Agency fetch URL available and in compliance with GTFS standards.,Public Domain,-117.926078999754,34.0702240098813
1086,90147,90147,City of Los Angeles,LADOT Transit,Los Angeles,CA,-118.242779,34.05371199,Yes - Agency fetch URL available and in compliance with GTFS standards.,Public Domain,-118.242779000345,34.0537119898809
1087,90148,90148,Victor Valley Transit Authority,Victor Valley Transit Authority (VVTA),Hesperia,CA,-117.29019,34.42474301,Yes - Agency fetch URL available and in compliance with GTFS standards.,Public Domain,-117.290189999584,34.4247430101748
1088,90149,90149,City of Lompoc,City of Lompoc Transit (COLT),Lompoc,CA,-120.452369,34.63766699,Yes - Agency fetch URL available and in compliance with GTFS standards.,Public Domain,-120.452368999789,34.6376669902358
1089,90151,90151,Southern California Regional Rail Authority,Metrolink,Los Angeles,CA,-118.260398,34.05020601,Yes - Agency fetch URL available and in compliance with GTFS standards.,Public Domain,-118.260398000271,34.0502060097716
1090,90154,90154,Los Angeles County Metropolitan Transportation Authority,Metro,Los Angeles,CA,-118.232431,34.05511998,Yes - Agency fetch URL available and in compliance with GTFS standards.,Public Domain,-118.232431000262,34.0551199796433
1091,90155,90155,City of Vacaville,City Coach,Vacaville,CA,-121.994591,38.351467,Yes - Agency fetch URL available and in compliance with GTFS standards.,Public Domain,-121.994591000416,38.3514669998433
1092,90156,90156,City of San Luis Obispo,SLO Transit,San Luis Obispo,CA,-120.662679,35.28284198,Yes - Agency fetch URL available and in compliance with GTFS standards.,Public Domain,-120.662678999711,35.2828419800325
1093,90159,90159,Western Contra Costa Transit Authority,WestCAT,Pinole,CA,-122.311849,38.00586601,Yes - Agency fetch URL available and in compliance with GTFS standards.,Public Domain,-122.311849000325,38.0058660100607
1094,90161,90161,City of Union City,Union City Transit (UCT),Union City,CA,-122.025889,37.58717402,Yes - Agency fetch URL available and in compliance with GTFS standards.,Public Domain,-122.025889000211,37.5871740203002
1095,90162,90162,The Eastern Contra Costa Transit Authority,Tri Delta Transit,Antioch,CA,-121.793547,38.012919,Yes - Agency fetch URL available and in compliance with GTFS standards.,Public Domain,-121.793546999581,38.0129190001994
1096,90163,90163,City of Camarillo,Camarillo Area Transit (CAT),Camarillo,CA,-119.041205,34.21329999,Yes - Agency fetch URL available and in compliance with GTFS standards.,Public Domain,-119.041204999841,34.2132999902345
1097,90164,90164,Ventura County Transportation Commission,Ventura County Transportation Commission (VCTC),Camarillo,CA,-119.059154,34.21932599,Yes - Agency fetch URL available and in compliance with GTFS standards.,Public Domain,-119.059154000378,34.2193259900239
1098,90165,90165,City of Thousand Oaks,Thousand Oaks Transit (TOT),Thousand Oaks,CA,-118.848581,34.17461101,Yes - Agency fetch URL available and in compliance with GTFS standards.,Public Domain,-118.848580999792,34.1746110101563
1099,90168,90168,City of Roseville,Roseville Transit,Roseville,CA,-121.284257,38.74834702,Yes - Agency fetch URL available and in compliance with GTFS standards.,Public Domain,-121.284257000175,38.7483470199529
1100,90171,90171,City of Santa Clarita,Santa Clarita Transit (SCT),Santa Clarita,CA,-118.5449637,34.42269477,Yes - Agency fetch URL available and in compliance with GTFS standards.,Public Domain,-118.54496370008,34.4226947697612
1101,90173,90173,Transit Joint Powers Authority for Merced County,Merced The Bus,Merced,CA,-120.480907,37.30207599,Yes - Agency fetch URL available and in compliance with GTFS standards.,Public Domain,-120.480907000433,37.3020759899428
1102,90175,90175,City of Lodi,GrapeLine,Lodi,CA,-121.275987,38.13458002,Yes - Agency fetch URL available and in compliance with GTFS standards.,Public Domain,-121.275987000075,38.1345800197496
1103,90182,90182,Altamont Corridor Express,Altamont Corridor Express (ACE),Stockton,CA,-121.279274,37.956997,Yes - Agency fetch URL available and in compliance with GTFS standards.,Public Domain,-121.279274000378,37.9569970001248
1104,90196,90196,County of Placer,Placer County Transit (PCT),Auburn,CA,-121.106914,38.93974501,Yes - Agency fetch URL available and in compliance with GTFS standards.,Public Domain,-121.106913999777,38.939745009897
1105,90197,90197,City of Tracy,TRACER,Tracy,CA,-121.419991,37.73819701,Yes - Agency fetch URL available and in compliance with GTFS standards.,Public Domain,-121.419990999606,37.7381970101881
1106,90198,90198,City of Porterville,Porterville Transit,Porterville,CA,-119.0162658,36.07076169,Yes - Agency fetch URL available and in compliance with GTFS standards.,Public Domain,-119.016265800243,36.0707616898918
1107,90199,90199,City of Madera,Madera Metro,Madera,CA,-120.064374,36.96256201,Yes - Agency fetch URL available and in compliance with GTFS standards.,Public Domain,-120.064374000061,36.9625620101445
1108,90200,90200,Kings County Area Public Transit Agency,Kings Area Rural Transit (KART),Hanford,CA,-119.654332,36.32551,Yes - Agency fetch URL available and in compliance with GTFS standards.,Public Domain,-119.654331999557,36.3255099997923
1109,90201,90201,City of Turlock,Turlock Transit,Turlock,CA,-120.847016,37.49218698,Yes - Agency fetch URL available and in compliance with GTFS standards.,Public Domain,-120.847015999941,37.4921869801991
1110,90206,90206,San Luis Obispo Regional Transit Authority,San Luis Obispo Regional Transit Authority (SLORTA),San Luis Obispo,CA,-120.673663,35.256922,Yes - Agency fetch URL available and in compliance with GTFS standards.,Public Domain,-120.673662999828,35.2569220002094
1111,90208,90208,Butte County Association of Governments,B-Line,Chico,CA,-121.820349,39.704837,Yes - Agency fetch URL available and in compliance with GTFS standards.,Public Domain,-121.820348999651,39.7048369999926
1112,90209,90032;90034;90131;90136;90209,"Valley Metro Rail, Inc.",Valley Metro Rail (VMR),Phoenix,AZ,-112.0747206,33.44989448,Yes - Agency fetch URL available and in compliance with GTFS standards.,Public Domain,-112.074720600086,33.4498944799299
1113,90211,90211,Anaheim Transportation Network,Anaheim Regional Transportation (ART),Anaheim,CA,-117.907113,33.81657001,Yes - Agency fetch URL available and in compliance with GTFS standards.,Public Domain,-117.907113000315,33.8165700099518
1114,90213,90213,City of Petaluma,Petaluma Transit,Petaluma,CA,-122.644516,38.23174401,Yes - Agency fetch URL available and in compliance with GTFS standards.,Public Domain,-122.644515999933,38.2317440099115
1115,90214,90214,City of Redondo Beach,Beach Cities Transit (BCT),Redondo Beach,CA,-118.3875945,33.84480091,Yes - Agency fetch URL available and in compliance with GTFS standards.,Public Domain,-118.387594500175,33.8448009097914
1116,90215,90215,Carson Area Metropolitan Planning Organization,Jump Around Carson,Carson City,NV,-119.7271967,39.1673605,Yes - Agency fetch URL available and in compliance with GTFS standards.,Public Domain,-119.727196700448,39.1673605002894
1117,90216,90216,County of Sacramento Municipal Services Agency,South County Transit Link (SCT Link),Sacramento,CA,-121.4960005,38.58281537,Yes - Agency fetch URL available and in compliance with GTFS standards.,Public Domain,-121.496000500186,38.5828153700957
1118,90217,90217,City of Manteca,Manteca Transit ,Manteca,CA,-121.232046,37.80010998,Yes - Agency fetch URL available and in compliance with GTFS standards.,Public Domain,-121.23204599958,37.8001099798069
1119,90219,90219,Northern Arizona Intergovernmental Public Transportation Authority,Mountain Line,Flagstaff,AZ,-111.5926517,35.21841683,Yes - Agency fetch URL available and in compliance with GTFS standards.,Public Domain,-111.592651699864,35.2184168301565
1120,90223,90223,"Paratransit, Inc.",Paratransit,Sacramento,CA,-121.48008,38.49629682,Yes - Agency fetch URL available and in compliance with GTFS standards.,Public Domain,-121.480079999765,38.4962968201912
1121,90225,90225,San Francisco Bay Area Water Emergency Transportation Authority,San Francisco Bay Ferry,San Francisco,CA,-122.3975176,37.79937656,Yes - Agency fetch URL available and in compliance with GTFS standards.,Public Domain,-122.397517600065,37.7993765599987
1122,90226,90226,Imperial County Transportation Commission,Imperial Valley Transit,El Centro,CA,-115.569224,32.80688101,Yes - Agency fetch URL available and in compliance with GTFS standards.,Public Domain,-115.569224000415,32.8068810102128
1123,90227,90227,City of Moorpark,Moorpark City Transit (MCT),Moorpark,CA,-118.8823753,34.28723173,Yes - Agency fetch URL available and in compliance with GTFS standards.,Public Domain,-118.882375300082,34.2872317297137
1124,90229,90229,El Dorado County Transit Authority,El Dorado Transit,Diamond Springs,CA,-120.827632,38.69432402,Yes - Agency fetch URL available and in compliance with GTFS standards.,Public Domain,-120.827632000027,38.6943240201334
1125,90232,90232,Solano County Transit,SolTrans,Vallejo,CA,-122.259273,38.10003698,Yes - Agency fetch URL available and in compliance with GTFS standards.,Public Domain,-122.259272999858,38.1000369800123
1126,90233,90233,Yuma County Intergovernmental Public Transportation Authority,Yuma County Area Transit (YCAT),Yuma,AZ,-114.5877342,32.70239191,Yes - Agency fetch URL available and in compliance with GTFS standards.,Public Domain,-114.587734200009,32.7023919097262
1127,90234,90234,Marin County Transit District,Marin Transit,San Rafael,CA,-122.519721,37.96931802,Yes - Agency fetch URL available and in compliance with GTFS standards.,Public Domain,-122.519721000414,37.9693180202668
1128,90237,90237,County of Kaua'i,Kaua'i Bus,Lihue,HI,-159.368748,21.97584499,Yes - Agency fetch URL available and in compliance with GTFS standards.,Public Domain,-159.368747999807,21.9758449900114
1129,90238,90238,City of Delano,Delano Area Rapid Transit (DART),Delano,CA,-119.2490749,35.77055765,Yes - Agency fetch URL available and in compliance with GTFS standards.,Public Domain,-119.249074899668,35.7705576502089
1130,90239,90239,City of Sierra Vista,Vista Transit,Sierra Vista,AZ,-110.2731639,31.56514049,Yes - Agency fetch URL available and in compliance with GTFS standards.,Public Domain,-110.273163899899,31.5651404903097
1131,90241,90241,County of Maui,Maui Bus,Wailuku,HI,-156.50425,20.88516601,Yes - Agency fetch URL available and in compliance with GTFS standards.,Public Domain,-156.504250000151,20.8851660098725
1132,90247,90247,City of Alhambra,Alhambra Community Transit (ACT),Alhambra,CA,-118.127154,34.09258998,Yes - Agency fetch URL available and in compliance with GTFS standards.,Public Domain,-118.127153999653,34.0925899799498
1133,90251,90251,City of Baldwin Park,Baldwin Park Transit,Baldwin Park,CA,-117.959732,34.08538,Yes - Agency fetch URL available and in compliance with GTFS standards.,Public Domain,-117.95973200044,34.0853799997054
1134,90252,90252,City of Bell,La Campana,Bell,CA,-118.188933,33.97886869,Yes - Agency fetch URL available and in compliance with GTFS standards.,Public Domain,-118.188933000356,33.9788686900782
1135,90253,90253,City of Bell Gardens,Town Trolley Bus,Bell,CA,-118.1501745,33.96773452,Yes - Agency fetch URL available and in compliance with GTFS standards.,Public Domain,-118.150174500212,33.967734520182
1136,90254,90254,City of Bellflower,Bellflower Bus,Bellflower,CA,-118.122221,33.8833327,Yes - Agency fetch URL available and in compliance with GTFS standards.,Public Domain,-118.122221000085,33.8833327000085
1137,90256,90256,City of Burbank,Burbank Bus,Burbank,CA,-118.308444,34.18221499,Yes - Agency fetch URL available and in compliance with GTFS standards.,Public Domain,-118.30844399978,34.1822149899282
1138,90257,90257,City of Calabasas,Calabasas Transit System,Calabasas,CA,-118.647234,34.15248798,Yes - Agency fetch URL available and in compliance with GTFS standards.,Public Domain,-118.647233999907,34.152487980103
1139,90258,90258,City of Carson,Carson Transportation Services,Carson,CA,-118.26298,33.83227502,Yes - Agency fetch URL available and in compliance with GTFS standards.,Public Domain,-118.262980000044,33.8322750200483
1140,90259,90259,City of Cerritos,Cerritos Transit Services,Cerritos,CA,-118.061584,33.86746799,Yes - Agency fetch URL available and in compliance with GTFS standards.,Public Domain,-118.061583999755,33.8674679903095
1141,90260,90260,City of Compton,Compton Renaissance Transit (CRT),Compton,CA,-118.2243664,33.89481517,Yes - Agency fetch URL available and in compliance with GTFS standards.,Public Domain,-118.224366399951,33.894815170083
1142,90262,90262,City of Cudahy,Cudahy Area Rapid Transit ,Cudahy,CA,-118.174651,33.95939701,Yes - Agency fetch URL available and in compliance with GTFS standards.,Public Domain,-118.174651000065,33.9593970097288
1143,90263,90263,City of Downey,Downey Transit,Downey,CA,-118.128617,33.94095498,Yes - Agency fetch URL available and in compliance with GTFS standards.,Public Domain,-118.128617000416,33.940954980328
1144,90265,90265,City of El Monte,El Monte Transportation Services,El Monte,CA,-118.029635,34.07136298,Yes - Agency fetch URL available and in compliance with GTFS standards.,Public Domain,-118.029634999857,34.0713629796968
1145,90266,90266,City of Glendora,Glendora Transportation Division,Glendora,CA,-117.865039,34.135082,Yes - Agency fetch URL available and in compliance with GTFS standards.,Public Domain,-117.865038999916,34.1350820002015
1146,90267,90267,City of Huntington Park,Huntington Park Express,Huntington Park,CA,-118.218583,33.97984102,Yes - Agency fetch URL available and in compliance with GTFS standards.,Public Domain,-118.218583000338,33.9798410197256
1147,90268,90268,City of Inglewood,Inglewood Senior Center,Inglewood,CA,-118.35479,33.96311598,Yes - Agency fetch URL available and in compliance with GTFS standards.,Public Domain,-118.354789999597,33.9631159800015
1148,90269,90269;90270;90271;90272;90273;90274;90275;90276;90278,Los Angeles County,The Link - Athens,Alhambra,CA,-118.150095,34.085028,Yes - Agency fetch URL available and in compliance with GTFS standards.,Public Domain,-118.150095000208,34.085027999774
1149,90270,90269;90270;90271;90272;90273;90274;90275;90276;90278,Los Angeles County,Avocado Heights/Bassett/West Valinda Shuttle,Alhambra,CA,-118.150095,34.085028,Yes - Agency fetch URL available and in compliance with GTFS standards.,Public Domain,-118.150095000208,34.085027999774
1150,90271,90269;90270;90271;90272;90273;90274;90275;90276;90278,Los Angeles County,El Sol,Alhambra,CA,-118.150095,34.085028,Yes - Agency fetch URL available and in compliance with GTFS standards.,Public Domain,-118.150095000208,34.085027999774
1151,90272,90269;90270;90271;90272;90273;90274;90275;90276;90278,Los Angeles County,East Valinda Shuttle,Alhambra,CA,-118.150095,34.085028,Yes - Agency fetch URL available and in compliance with GTFS standards.,Public Domain,-118.150095000208,34.085027999774
1152,90273,90269;90270;90271;90272;90273;90274;90275;90276;90278,Los Angeles County,The Link – Florence-Firestone/Walnut Park,Alhambra,CA,-118.150095,34.085028,Yes - Agency fetch URL available and in compliance with GTFS standards.,Public Domain,-118.150095000208,34.085027999774
1153,90274,90269;90270;90271;90272;90273;90274;90275;90276;90278,Los Angeles County,The Link - King Medical Center,Alhambra,CA,-118.150095,34.085028,Yes - Agency fetch URL available and in compliance with GTFS standards.,Public Domain,-118.150095000208,34.085027999774
1154,90275,90269;90270;90271;90272;90273;90274;90275;90276;90278,Los Angeles County,The Link - Lennox,Alhambra,CA,-118.150095,34.085028,Yes - Agency fetch URL available and in compliance with GTFS standards.,Public Domain,-118.150095000208,34.085027999774
1155,90276,90269;90270;90271;90272;90273;90274;90275;90276;90278,Los Angeles County,Sunshine Shuttle,Alhambra,CA,-118.150095,34.085028,Yes - Agency fetch URL available and in compliance with GTFS standards.,Public Domain,-118.150095000208,34.085027999774
1156,90278,90269;90270;90271;90272;90273;90274;90275;90276;90278,Los Angeles County,The Link - Willowbrook,Alhambra,CA,-118.150095,34.085028,Yes - Agency fetch URL available and in compliance with GTFS standards.,Public Domain,-118.150095000208,34.085027999774
1157,90280,90280,City of Lawndale,Lawndale Beat,Lawndale,CA,-118.3543442,33.89801295,Yes - Agency fetch URL available and in compliance with GTFS standards.,CC-BY-3.0,-118.354344199858,33.8980129497142
1158,90281,90281,City of Lynwood,Lynwood Breeze,Lynwood,CA,-118.198819,33.925959,Yes - Agency fetch URL available and in compliance with GTFS standards.,Public Domain,-118.198818999584,33.9259589998902
1159,90284,90284,City of Maywood,Maywood Express Shuttle,Maywood,CA,-118.1892472,33.98757363,Yes - Agency fetch URL available and in compliance with GTFS standards.,Public Domain,-118.189247199602,33.9875736302463
1160,90286,90286,City of Monterey Park,Spirit Bus,Montery Park,CA,-118.126039,34.059107,Yes - Agency fetch URL available and in compliance with GTFS standards.,Public Domain,-118.126038999943,34.0591070001001
1161,90287,90287,Palos Verdes Peninsula Transit Authority,Palos Verdes Peninsula Transit Authority (PVPTA),Rolling Hills,CA,-118.4122917,33.7761192,Yes - Agency fetch URL available and in compliance with GTFS standards.,Public Domain,-118.412291699923,33.7761191999406
1162,90289,90289,City of Rosemead,Rosemead Explorer,Rosemead,CA,-118.076348,34.08028501,Yes - Agency fetch URL available and in compliance with GTFS standards.,Public Domain,-118.076348000096,34.0802850101963
1163,90291,90291,City of South Gate,Get Around Town Express,South Gate,CA,-118.2057356,33.95611089,Yes - Agency fetch URL available and in compliance with GTFS standards.,Public Domain,-118.205735599674,33.956110889804
1164,90293,90293,City of West Covina,Go West Shuttle,West Covina,CA,-117.938861,34.071338,Yes - Agency fetch URL available and in compliance with GTFS standards.,Public Domain,-117.938861000371,34.0713379998908
1165,90294,90294,City of West Hollywood,"Cityline, WeHo PickUp",West Hollywood,CA,-118.370725,34.09021799,Yes - Agency fetch URL available and in compliance with GTFS standards.,Public Domain,-118.370724999725,34.0902179899469
1166,90299,90299,Sonoma-Marin Area Rail Transit District,Sonoma Marin Area Rail Transit (SMART),Petaluma,CA,-122.668832,38.28172102,Yes - Agency fetch URL available and in compliance with GTFS standards.,Public Domain,-122.66883199959,38.2817210203288
1167,90300,90300,City of Artesia,Artesia Transit,Artesia,CA,-118.079749,33.85993163,Yes - Agency fetch URL available and in compliance with GTFS standards.,Public Domain,-118.079749000202,33.8599316297416
1168,90303,90303,Santa Barbara County Association of Governments,Clean Air Express,Santa Barbara,CA,-119.778588,34.44488502,Yes - Agency fetch URL available and in compliance with GTFS standards.,Public Domain,-119.778588000024,34.4448850198175
1169,90306,90306,Stanislaus Regional Transit Authority,The S,Modesto,CA,-120.998364,37.64078601,Yes - Agency fetch URL available and in compliance with GTFS standards.,Public Domain,-120.998364000007,37.640786009654
1170,90310,90310,Tulare County Regional Transit Agency,Tulare County Regional Transit Agency (TCRTA),Visalia,CA,-119.2910835,36.33135684,Yes - Agency fetch URL available and in compliance with GTFS standards.,Public Domain,-119.291083500019,36.3313568399746
1171,90313,90313,City of Clovis,Clovis Transit,Clovis,CA,-119.6878123,36.83269036,Yes - Agency fetch URL available and in compliance with GTFS standards.,Public Domain,-119.687812300028,36.8326903602971
1172,90316,90316,City of Ripon,Blossom Express,Ripon,CA,-121.1360577,37.74185578,Yes - Agency fetch URL available and in compliance with GTFS standards.,Public Domain,-121.136057700282,37.7418557803411
1173,90999,90999,Government of Guam-Guam Regional Transit Authority,Guam Public Transit System,Tamuning,GU,144.7637742,13.47837286,Yes - Agency fetch URL available and in compliance with GTFS standards.,Public Domain,144.763774200391,13.4783728596879
1174,91000,91000,Amador Transit,Amador Transit (AT),Jackson,CA,-120.800381,38.37597502,Yes - Agency fetch URL available and in compliance with GTFS standards.,Public Domain,-120.800381000418,38.3759750202418
1175,91001,91001,City of Show Low,Four Seasons Connection (FSC),Show Low,AZ,-110.0325807,34.25100535,Yes - Agency fetch URL available and in compliance with GTFS standards.,Public Domain,-110.032580700056,34.2510053497694
1176,91004,91004,Port of Administration Authority,American Samoa Government Department of Public Works,Pago Pago,AS,-170.7189222,-14.31988622,Yes - Agency fetch URL available and in compliance with GTFS standards.,Public Domain,-170.718922200175,-14.3198862200641
1177,91005,91005,Madera County,Madera County Connection,Madera,CA,-120.063278,36.96133302,Yes - Agency fetch URL available and in compliance with GTFS standards.,Public Domain,-120.063277999719,36.9613330201795
1178,91006,91006,City of Ridgecrest,Ridgerunner,Ridgecrest,CA,-117.672408,35.62110299,Yes - Agency fetch URL available and in compliance with GTFS standards.,Public Domain,-117.672408000195,35.6211029903061
1179,91007,91007,Fresno County Rural Transit Agency,Fresno County Rural Transit Agency (FCRTA),Fresno,CA,-119.789714,36.73468401,Yes - Agency fetch URL available and in compliance with GTFS standards.,Public Domain,-119.789714000432,36.7346840099862
1180,91008,91008,Modoc Transportation Agency,Sage Stage,Alturas,CA,-120.542255,41.48391502,Yes - Agency fetch URL available and in compliance with GTFS standards.,Public Domain,-120.542255000243,41.4839150197377
1181,91009,91009,San Benito County Local Transportation Authority,San Benito County Express,Hollister,CA,-121.396498,36.840356,Yes - Agency fetch URL available and in compliance with GTFS standards.,Public Domain,-121.396497999581,36.8403560001797
1182,91010,91010,City of Cottonwood,Cottonwood Area Transit (CAT),Cottonwood,AZ,-112.0270735,34.74664003,Yes - Agency fetch URL available and in compliance with GTFS standards.,Public Domain,-112.027073500174,34.7466400303633
1183,91012,91012,Mountain Area Regional Transit Authority,Mountain Transit,Big Bear Lake,CA,-116.88695,34.24745,Yes - Agency fetch URL available and in compliance with GTFS standards.,Public Domain,-116.88695000019,34.2474499996609
1184,91014,91014,City of Rio Vista,Rio Vista Delta Breeze,Rio Vista,CA,-121.690113,38.15490702,Yes - Agency fetch URL available and in compliance with GTFS standards.,Public Domain,-121.690112999677,38.1549070198076
1185,91018,91018,City of Arcata,Arcata & Mad River Transit System (A&MRTS),Arcata,CA,-124.084947,40.86718502,Yes - Agency fetch URL available and in compliance with GTFS standards.,Public Domain,-124.084947000446,40.8671850199141
1186,91020,91020,City of Needles,Needles Area Transit (NAT),Needles,CA,-114.606019,34.83770798,Yes - Agency fetch URL available and in compliance with GTFS standards.,Public Domain,-114.606018999782,34.8377079797011
1187,91027,91027,City of Arvin,Arvin Transit,Arvin,CA,-118.832761,35.21022,Yes - Agency fetch URL available and in compliance with GTFS standards.,Public Domain,-118.832761000191,35.2102200000265
1188,91028,91028,City of Solvang,Santa Ynez Valley Transit (SYVT),Solvang,CA,-120.141467,34.59352801,Yes - Agency fetch URL available and in compliance with GTFS standards.,Public Domain,-120.141467000028,34.5935280100392
1189,91035,91035,Trinity County,Trinity Transit,Weaverville,CA,-122.9321485,40.7348494,Yes - Agency fetch URL available and in compliance with GTFS standards.,Public Domain,-122.932148499613,40.7348493998055
1190,91036,91036,Humboldt Transit Authority,Humboldt Transit Authority (HTA),Eureka,CA,-124.1492308,40.80686617,Yes - Agency fetch URL available and in compliance with GTFS standards.,Public Domain,-124.149230799707,40.8068661696963
1191,91037,91037,City of Bullhead,Bullhead Area Transit System (BATS),Bullhead City,AZ,-114.6048087,35.10174032,Yes - Agency fetch URL available and in compliance with GTFS standards.,Public Domain,-114.6048086996,35.1017403200905
1192,91043,91043,City of Guadalupe,Guadalupe Flyer,Guadalupe,CA,-120.568981,34.969478,Yes - Agency fetch URL available and in compliance with GTFS standards.,Public Domain,-120.568981000145,34.9694780001769
1193,91045,91045,Northern Marianas - Commonwealth Office of Transit Authority,Transit CNMI,Saipan,MP,145.760035,15.20388093,Yes - Agency fetch URL available and in compliance with GTFS standards.,Public Domain,145.760034999913,15.203880929878
1194,91047,91047,Mendocino Transit Authority,Mendocino Transit Authority (MTA),Ukiah,CA,-123.193101,39.11195901,Yes - Agency fetch URL available and in compliance with GTFS standards.,Public Domain,-123.19310100032,39.1119590097366
1195,91048,91048,County of Siskiyou,Siskiyou Transit and General Express (STAGE),Yreka,CA,-122.643782,41.71189164,Yes - Agency fetch URL available and in compliance with GTFS standards.,Public Domain,-122.643781999989,41.711891640275
1196,91052,91052,City of Douglas,Douglas Rides,Douglas,AZ,-109.5555438,31.34413983,Yes - Agency fetch URL available and in compliance with GTFS standards.,Public Domain,-109.555543800034,31.3441398297473
1197,91053,91053,Lake Transit Authority,Lake Transit Authority (LTA),Lower Lake,CA,-122.611531,38.91479699,Yes - Agency fetch URL available and in compliance with GTFS standards.,Public Domain,-122.611530999967,38.9147969898423
1198,91057,91057,Tuolumne County Transit Agency,Tuolumne County Transit (TCT),Sonora,CA,-120.383958,37.984905,Yes - Agency fetch URL available and in compliance with GTFS standards.,Public Domain,-120.383957999651,37.9849049996995
1199,91058,91058,City of Ojai,Ojai Trolley,Ojai,CA,-119.2468157,34.44473977,Yes - Agency fetch URL available and in compliance with GTFS standards.,Public Domain,-119.246815699611,34.4447397697222
1200,91059,91059,County of Kern,Kern Transit (KT),Bakersfield,CA,-119.014476,35.38358802,Yes - Agency fetch URL available and in compliance with GTFS standards.,Public Domain,-119.014475999566,35.3835880198988
1201,91062,91062,Eastern Sierra Transit Authority,Eastern Sierra Transit Authority (ESTA),Bishop,CA,-118.40037,37.361375,Yes - Agency fetch URL available and in compliance with GTFS standards.,Public Domain,-118.400369999684,37.3613750001139
1202,91064,91064,Douglas County,Douglas Area Rural Transit,Minden,NV,-119.763549,38.95298599,Yes - Agency fetch URL available and in compliance with GTFS standards.,Public Domain,-119.763549000222,38.9529859901479
1203,91069,91069,Town of Miami,Copper Mountain Transit (CMT),Miami,AZ,-110.8740134,33.39763235,Yes - Agency fetch URL available and in compliance with GTFS standards.,Public Domain,-110.874013400049,33.3976323502776
1204,91070,91070,Yosemite Area Regional Transportation System,Yosemite Area Regional Transportation System (YARTS),Merced,CA,-120.480907,37.30207599,Yes - Agency fetch URL available and in compliance with GTFS standards.,Public Domain,-120.480907000433,37.3020759899428
1205,91072,91072,Southern Nevada Transit Coalition,Silver Rider Transit,Laughlin,NV,-114.574194,35.16969199,Yes - Agency fetch URL available and in compliance with GTFS standards.,Public Domain,-114.574193999733,35.169691989886
1206,91075,91075,City of Kingman,Kingman Area Regional Transit (KART),Kingman,AZ,-114.0519434,35.19111169,Yes - Agency fetch URL available and in compliance with GTFS standards.,Public Domain,-114.051943400258,35.1911116902062
1207,91078,91078,City of Escalon,eTrans,Escalon,CA,-120.995968,37.788199,Yes - Agency fetch URL available and in compliance with GTFS standards.,Public Domain,-120.995968000007,37.7881990002543
1208,91080,91080,County of Hawaii,Hele-On,Hilo,HI,-155.078152,19.71962902,Yes - Agency fetch URL available and in compliance with GTFS standards.,Public Domain,-155.078151999983,19.7196290196806
1209,91088,91088,County of Glenn,Glenn Transit Services,Willows,CA,-122.191384,39.53278,Yes - Agency fetch URL available and in compliance with GTFS standards.,Public Domain,-122.191383999952,39.5327799997585
1210,91089,91089,Tehama County,Tehama Rural Area Express (TRAX),Gerber,CA,-122.157185,40.06480999,Yes - Agency fetch URL available and in compliance with GTFS standards.,Public Domain,-122.157184999643,40.0648099900137
1211,91090,91090,Morongo Basin Transit Authority,Basin Transit,Joshua Tree,CA,-116.302927,34.13734398,Yes - Agency fetch URL available and in compliance with GTFS standards.,Public Domain,-116.302926999935,34.1373439799279
1212,91092,91092,Tahoe Transportation District,Tahoe Transportation District (TTD),Stateline,NV,-119.931026,38.96638999,Yes - Agency fetch URL available and in compliance with GTFS standards.,Public Domain,-119.931025999687,38.966389990284
1213,91093,91093,City of Eureka ,Eureka Transit Service (ETS),Eureka,CA,-124.1603863,40.80242647,Yes - Agency fetch URL available and in compliance with GTFS standards.,Public Domain,-124.160386299891,40.8024264699894
1214,91095,91095,County of Nevada,Nevada County Connects,Nevada City,CA,-121.026499,39.270028,Yes - Agency fetch URL available and in compliance with GTFS standards.,Public Domain,-121.026499000246,39.2700279997557
1215,91096,91096,City of Coolidge,"Cotton Express, Central Arizona Regional Transit",Coolidge,AZ,-111.5168849,32.97798596,Yes - Agency fetch URL available and in compliance with GTFS standards.,Public Domain,-111.516884899819,32.9779859601199
1216,91097,91097,Redwood Coast Transit Authority,Redwood Coast Transit Authority (RCTA),Crescent City,CA,-124.193622,41.76098901,Yes - Agency fetch URL available and in compliance with GTFS standards.,Public Domain,-124.19362199989,41.7609890100879
1217,91098,91098,Lassen Transit Service Agency,Lassen Rural Bus,Susanville,CA,-120.660968,40.41989,Yes - Agency fetch URL available and in compliance with GTFS standards.,Public Domain,-120.660968000148,40.4198899997709
1218,91101,91101,Town of Truckee,Truckee TART,Truckee,CA,-120.14618,39.31674001,Yes - Agency fetch URL available and in compliance with GTFS standards.,Public Domain,-120.146180000386,39.3167400102802
1219,91106,91106,City of Maricopa,Maricopa Express Transit (MET),Maricopa,AZ,-111.9944359,33.04664699,Yes - Agency fetch URL available and in compliance with GTFS standards.,Public Domain,-111.994435900288,33.0466469901959
1220,91107,91107,Southern Nevada Transit Coalition,Silver Rider Mesquite,Laughlin,NV,-114.574194,35.16969199,Yes - Agency fetch URL available and in compliance with GTFS standards.,Public Domain,-114.574193999733,35.169691989886
1221,91114,91114,City of Benson,Benson Area Transit (BAT),Benson,AZ,-110.2986124,31.96674375,Yes - Agency fetch URL available and in compliance with GTFS standards.,Public Domain,-110.298612400246,31.9667437502724
1222,91119,91119,Plumas County Transportation Commission,Plumas Transit,Quincy,CA,-120.906917,39.932936,Yes - Agency fetch URL available and in compliance with GTFS standards.,Public Domain,-120.906916999779,39.9329360002433
1223,91121,91121,City of Bisbee,Bisbee Bus,Bisbee,AZ,-109.8945354,31.43130345,Yes - Agency fetch URL available and in compliance with GTFS standards.,Public Domain,-109.894535400077,31.4313034498384
1224,91122,91122,Regional Transportation Authority of Pima County,Sun Shuttle,Tucson,AZ,-110.9719294,32.22446183,Yes - Agency fetch URL available and in compliance with GTFS standards.,Public Domain,-110.971929400403,32.2244618302253
1225,99262,99262,Yurok Tribe,Tribe Yurok,Klamath,CA,-124.037694,41.52938999,Yes - Agency fetch URL available and in compliance with GTFS standards.,Public Domain,-124.037694000432,41.5293899898532
1226,99286,99286,San Carlos Apache Tribe,San Carlos Apache Nnee Bich'o Nii Public Transit,San Carlos,AZ,-110.4525606,33.35458322,Yes - Agency fetch URL available and in compliance with GTFS standards.,Public Domain,-110.452560599953,33.3545832199791
1227,99316,99316,Chemehuevi Indian Tribe,Havasu Landing Resort & Casino Ferry,Havasu Lake,CA,-114.39551,34.5148413,Yes - Agency fetch URL available and in compliance with GTFS standards.,Public Domain,-114.395509999669,34.5148413002674
1228,99322,99322,Fallon Paiute-Shoshone Tribe,Fallon Paiute Tribal Transit (FPST),Fallon,NV,-118.756898,39.48202598,Yes - Agency fetch URL available and in compliance with GTFS standards.,Public Domain,-118.756897999562,39.4820259802882
1229,99328,99328,Yavapai-Apache Nation,YAN Transit,Camp Verde,AZ,-111.8921232,34.62689561,Yes - Agency fetch URL available and in compliance with GTFS standards.,Public Domain,-111.89212319998,34.6268956103165
1230,99334,99334,White Mountain Apache Tribe,Fort Apache Connection Transit,Whiteriver,AZ,-109.9643526,33.83616527,Yes - Agency fetch URL available and in compliance with GTFS standards.,Public Domain,-109.964352599605,33.8361652698168
1231,99382,99382,Hopi Tribe,Hopi Senom Transit,Kykotsmovi Village,AZ,-110.6228708,35.8689943,Yes - Agency fetch URL available and in compliance with GTFS standards.,Public Domain,-110.622870799586,35.8689943000192
1232,99406,99406,Pyramid Lake Paiute Tribe,Pyramid Lake Paiute Tribal Transit,Nixon,NV,-119.356888,39.83134498,Yes - Agency fetch URL available and in compliance with GTFS standards.,Public Domain,-119.356887999732,39.8313449799594
1233,99419,99419,Yavapai Regional Transit,Yavapai Regional Transit (YRT),Chino Valley,AZ,-112.4472665,34.76927936,Yes - Agency fetch URL available and in compliance with GTFS standards.,Public Domain,-112.44726650022,34.7692793597874
1234,99423,99423,City of Glendale,Beeline Bus,Glendale,CA,-118.247,34.14794499,Yes - Agency fetch URL available and in compliance with GTFS standards.,Public Domain,-118.246999999711,34.1479449903024
1235,99424,99424,City of Pasadena,Pasadena Transit,Pasadena,CA,-118.143854,34.14760201,Yes - Agency fetch URL available and in compliance with GTFS standards.,Public Domain,-118.143853999687,34.1476020098931
1236,99433,99433,Hualapai Indian Tribe,Hualapai Transit,Peach Springs,AZ,-113.4201815,35.53824843,Yes - Agency fetch URL available and in compliance with GTFS standards.,Public Domain,-113.420181500353,35.5382484303363
1237,99436,99436,Gila River Indian Community,Gila River Transit,Sacaton,AZ,-111.7636515,33.07133462,Yes - Agency fetch URL available and in compliance with GTFS standards.,Public Domain,-111.763651500208,33.0713346201752
1238,99442,99442,Calaveras Transit Agency,Calaveras Connect,San Andreas,CA,-120.67551,38.190526,Yes - Agency fetch URL available and in compliance with GTFS standards.,Public Domain,-120.675509999833,38.1905259997276
1239,99454,99454,Palo Verde Valley Transit Agency,RidePV,Blythe ,CA,-114.600048,33.616079,Yes - Agency fetch URL available and in compliance with GTFS standards.,Public Domain,-114.600047999598,33.6160789996882
1240,99455,99455,City of Sedona,Sedona Shuttle,Sedona,AZ,-111.813685,34.86275449,Yes - Agency fetch URL available and in compliance with GTFS standards.,Public Domain,-111.813684999825,34.8627544903162
1241,99474,99474,Town of Payson,Beeline Bus Public Transportation,Payson,AZ,-111.3220237,34.2436739,Yes - Agency fetch URL available and in compliance with GTFS standards.,Public Domain,-111.322023700353,34.2436739001998
1242,99475,99475,Shoshone-Paiute Tribes,Shoshone/Paiute Tribes Regional Public Transit,Owyhee,NV,-116.1314729,41.99786289,Yes - Agency fetch URL available and in compliance with GTFS standards.,Public Domain,-116.131472899992,41.9978628899216
1243,99479,,City of Lathrop,Lathrop Transit,Lathrop,CA,-121.3039821,37.80418326,No - Agency data not available due to processing or GTFS standard compliance errors.,Public Domain,-121.303982100284,37.8041832597497
